nom,prix,adresse,image_lien
Chiot Rottweiler ,290 000CFA,"Pikine, Sénégal",https://images.coinafrique.com/thumb_5453153_uploaded_image1_1754039656.jpg
Chiot Berger Allemand ,120 000CFA,"Lac rose, Sénégal",https://images.coinafrique.com/thumb_5443216_uploaded_image1_1753548558.jpg
Chiot Berger allemand,150 000CFA,"Pikine, Sénégal",https://images.coinafrique.com/thumb_5439144_uploaded_image1_1753362359.jpg
Chiot Bichon maltes,180 000CFA,"HLM, Dakar, Sénégal",https://images.coinafrique.com/thumb_5435956_uploaded_image1_1753216215.jpg
Chiots Berger allemand,180 000CFA,"Keur Massar, Sénégal",https://images.coinafrique.com/thumb_5429666_uploaded_image1_1752845223.jpg
Chiot Berger Allemand ,150 000CFA,"HLM, Dakar, Sénégal",https://images.coinafrique.com/thumb_5387119_uploaded_image2_1750623407.jpeg
Bichon maltaise,150 000CFA,"HLM, Dakar, Sénégal",https://images.coinafrique.com/thumb_5386842_uploaded_image1_1750611237.jpg
Chien Boerboell,650 000CFA,"HLM, Dakar, Sénégal",https://images.coinafrique.com/thumb_5386827_uploaded_image1_1750610656.jpg
Chiot Berger allemand,170CFA,"Pikine, Sénégal",https://images.coinafrique.com/thumb_5425744_uploaded_image1_1752657035.jpg
Chiots Cane Corso,400 000CFA,"Sicap Liberté, Dakar, Sénégal",https://images.coinafrique.com/thumb_5400421_uploaded_image1_1751373309.jpg
Chiot Husky ,300 000CFA,"Ouakam, Dakar, Sénégal",https://images.coinafrique.com/thumb_5397542_uploaded_image1_1751222051.jpg
Chiot Husky ,Prix sur demande,"Pikine, Sénégal",https://images.coinafrique.com/thumb_5397530_uploaded_image1_1751220841.jpg
Berger Malinois Métis,200 000CFA,"Sacré-Coeur, Dakar, Sénégal",https://images.coinafrique.com/thumb_5389289_uploaded_image1_1750742046.jpg
Chiot Husky male,350 000CFA,"Sacré-Coeur, Dakar, Sénégal",https://images.coinafrique.com/thumb_5385417_uploaded_image1_1750511517.jpg
Chiot Berger malinois ,300 000CFA,"Rufisque, Sénégal",https://images.coinafrique.com/thumb_5384862_uploaded_image1_1750465161.jpg
Chiots Bichons Maltais ,150 000CFA,"Sicap Liberté, Dakar, Sénégal",https://images.coinafrique.com/thumb_5383547_uploaded_image1_1750415126.jpg
Chiot Berger Allemand ,Prix sur demande,"Dakar, Sénégal",https://images.coinafrique.com/thumb_5379393_uploaded_image1_1750190380.jpg
Chiot Berger Allemand ,160 000CFA,"Dakar, Sénégal",https://images.coinafrique.com/thumb_5379204_uploaded_image1_1750179653.jpg
Chiots Bichons maltais,150 000CFA,"Dakar, Sénégal",https://images.coinafrique.com/thumb_5377145_uploaded_image1_1750084686.jpg
Chiot Berger allemand ,150 000CFA,"Pikine, Sénégal",https://images.coinafrique.com/thumb_5376933_uploaded_image1_1750077698.jpg
Chiots malamute pure,Prix sur demande,"Almadies 2, Dakar, Sénégal",https://images.coinafrique.com/thumb_5368072_uploaded_image1_1749564175.jpg
Métisse rock berger,75 000CFA,"Mamelles, Dakar, Sénégal",https://images.coinafrique.com/thumb_5360685_uploaded_image1_1749060096.06.jpeg
Husky et Rotweiller,300 000CFA,"Sacré-Coeur, Dakar, Sénégal",https://images.coinafrique.com/thumb_5357616_uploaded_image1_1748916757.jpg
Chiots bichon ,200 000CFA,"Mamelles, Dakar, Sénégal",https://images.coinafrique.com/thumb_5357093_uploaded_image1_1748892640.jpg
Chiots Bouvier Bernois,Prix sur demande,"Almadies 2, Dakar, Sénégal",https://images.coinafrique.com/thumb_5356412_uploaded_image1_1748869590.jpg
Chiot Américain,200CFA,"Thies, Sénégal",https://images.coinafrique.com/thumb_5353266_uploaded_image1_1748682865.jpg
Chiots Berger Allemand ,175 000CFA,"Mbao, Dakar, Sénégal",https://images.coinafrique.com/thumb_5352744_uploaded_image2_1748635949.jpeg
Chiots Husky,300 000CFA,"Ouest Foire, Dakar, Sénégal",https://images.coinafrique.com/thumb_5341514_uploaded_image1_1747985445.jpg
Chien,130 000CFA,"Almadies, Dakar, Sénégal",https://images.coinafrique.com/thumb_5341402_uploaded_image1_1747971696.jpg
Chiots Malinois,Prix sur demande,"Dakar, Sénégal",https://images.coinafrique.com/thumb_5341165_uploaded_image1_1747948139.jpg
Berger Allemand,150 000CFA,"Pikine, Sénégal",https://images.coinafrique.com/thumb_5340528_uploaded_image1_1747919294.jpg
Chiot Boerboul ,275CFA,"Pikine, Sénégal",https://images.coinafrique.com/thumb_5338244_uploaded_image1_1747822800.jpg
Chiot Berger Allemand ,250 000CFA,"Fann, Dakar, Sénégal",https://images.coinafrique.com/thumb_5336125_uploaded_image1_1747687556.jpg
Chiot Pitbull Terrier,250 000CFA,"Thies, Sénégal",https://images.coinafrique.com/thumb_5335882_uploaded_image1_1747679076.jpg
Chien de salon,150 000CFA,"Almadies, Dakar, Sénégal",https://images.coinafrique.com/thumb_5332506_uploaded_image1_1747475557.jpg
Chiot Husky,300 000CFA,"Sacré-Coeur, Dakar, Sénégal",https://images.coinafrique.com/thumb_5328800_uploaded_image1_1747289408.jpg
Chiot Bichon Havanais,150 000CFA,"Ouakam, Dakar, Sénégal",https://images.coinafrique.com/thumb_5326499_uploaded_image1_1747172729.jpg
Chiot Spitz Nain ,800 000CFA,"Thies, Sénégal",https://images.coinafrique.com/thumb_5326291_uploaded_image1_1747165396.jpg
Chiot Bichon Maltais,115 000CFA,"Dieuppeul-Derklé, Dakar, Sénégal",https://images.coinafrique.com/thumb_5326102_uploaded_image1_1747153443.jpg
Chiot Rottweiller,Prix sur demande,"Almadies 2, Dakar, Sénégal",https://images.coinafrique.com/thumb_5323434_uploaded_image1_1747041206.jpg
Chiot Husky,Prix sur demande,"Sacré-Coeur, Dakar, Sénégal",https://images.coinafrique.com/thumb_5322117_uploaded_image1_1746933372.jpg
Chiot Bichon,Prix sur demande,"Almadies 2, Dakar, Sénégal",https://images.coinafrique.com/thumb_5321857_uploaded_image1_1746909799.jpg
Chiot Berger Allemand ,150 000CFA,"Thies, Sénégal",https://images.coinafrique.com/thumb_5321695_uploaded_image1_1746899509.jpg
Chiot Rotweiller,350 000CFA,"Sacré-Coeur, Dakar, Sénégal",https://images.coinafrique.com/thumb_5321351_uploaded_image1_1746881645.jpg
Chiot Cavalier king ,Prix sur demande,"Almadies 2, Dakar, Sénégal",https://images.coinafrique.com/thumb_5319622_uploaded_image1_1746790053.jpg
Chiot Berger allemand ,200 000CFA,"Sacré-Coeur, Dakar, Sénégal",https://images.coinafrique.com/thumb_5317080_uploaded_image1_1746680060.jpg
Chiots Labradors,120 000CFA,"Thies, Sénégal",https://images.coinafrique.com/thumb_5316749_uploaded_image1_1746650873.jpg
Vente Berger Femelle,400CFA,"Guediawaye, Dakar, Sénégal",https://images.coinafrique.com/thumb_5305053_uploaded_image1_1746020493.jpg
Chiot Pitbull Terrier,Prix sur demande,"Mbour, Sénégal",https://images.coinafrique.com/thumb_5303725_uploaded_image1_1745943692.jpg
Chiot,380 000CFA,"Almadies, Dakar, Sénégal",https://images.coinafrique.com/thumb_5302773_uploaded_image1_1745911831.jpg
Chiot femelle cane corso ,350 000CFA,"Sacré-Coeur, Dakar, Sénégal",https://images.coinafrique.com/thumb_5299584_uploaded_image1_1745674318.jpg
Chiot Berger Allemand,200 000CFA,"Sacré-Coeur, Dakar, Sénégal",https://images.coinafrique.com/thumb_5298958_uploaded_image1_1745627639.jpg
Chiot Berger allemand ,250 000CFA,"Mbour, Sénégal",https://images.coinafrique.com/thumb_5290700_uploaded_image1_1745194550.jpg
Chiens malinois,Prix sur demande,"Thies, Sénégal",https://images.coinafrique.com/thumb_5277780_uploaded_image1_1744399979.jpg
Chiot Bichon Havanais,150 000CFA,"Ouakam, Dakar, Sénégal",https://images.coinafrique.com/thumb_5272964_uploaded_image2_1744165161.jpeg
Chiot Berger Allemand ,150 000CFA,"Sacré-Coeur, Dakar, Sénégal",https://images.coinafrique.com/thumb_5268192_uploaded_image1_1743934250.jpg
Chiots Dalmatiens,Prix sur demande,"Mbao, Dakar, Sénégal",https://images.coinafrique.com/thumb_5256321_uploaded_image1_1743258183.jpg
Chiots Pitbull,150 000CFA,"Mbao, Dakar, Sénégal",https://images.coinafrique.com/thumb_5253443_uploaded_image1_1743081531.jpg
Chiots Husky,200 000CFA,"Mbao, Dakar, Sénégal",https://images.coinafrique.com/thumb_5253441_uploaded_image1_1743081336.jpg
Chiens malinois,Prix sur demande,"Thies, Sénégal",https://images.coinafrique.com/thumb_5251605_uploaded_image1_1742991471.jpg
Chiots,Prix sur demande,"Thies, Sénégal",https://images.coinafrique.com/thumb_5249300_uploaded_image1_1742862357.jpg
Chiot,Prix sur demande,"Thies, Sénégal",https://images.coinafrique.com/thumb_5249290_uploaded_image1_1742861930.jpg
Chiots  Cane Corso,400 000CFA,"Sicap foire, Dakar, Sénégal",https://images.coinafrique.com/thumb_5243684_uploaded_image1_1742560976.jpg
Chiots Berger Allemand ,300 000CFA,"Mbour, Sénégal",https://images.coinafrique.com/thumb_5228717_uploaded_image1_1741792512.jpg
Chiots,150 000CFA,"Pikine, Sénégal",https://images.coinafrique.com/thumb_5222994_uploaded_image1_1741542631.jpg
Chiot Boerbull,Prix sur demande,"Dakar, Sénégal",https://images.coinafrique.com/thumb_5222921_uploaded_image1_1741538962.jpg
Chiot Boerbull,Prix sur demande,"Dakar, Sénégal",https://images.coinafrique.com/thumb_5222912_uploaded_image1_1741538659.jpg
Chiot Berger Allemand ,150 000CFA,"Pikine, Sénégal",https://images.coinafrique.com/thumb_5222675_uploaded_image1_1741529199.jpg
Chiot Bichon Maltais,175 000CFA,"Ouakam, Dakar, Sénégal",https://images.coinafrique.com/thumb_5221815_uploaded_image2_1741461038.jpeg
Chiot Malinois,250 000CFA,"Thies, Sénégal",https://images.coinafrique.com/thumb_5213981_uploaded_image1_1741092394.jpg
Chiot Rott ,300 000CFA,"Thies, Sénégal",https://images.coinafrique.com/thumb_5213979_uploaded_image1_1741092307.jpg
Chiot Berger Allemand ,400 000CFA,"Mbao, Dakar, Sénégal",https://images.coinafrique.com/thumb_5199105_uploaded_image1_1740305314.jpg
Chiot Rott ,200 000CFA,"Diamniadio, Sénégal",https://images.coinafrique.com/thumb_5192129_uploaded_image1_1739908831.jpg
Chiots Husky Sibérien ,Prix sur demande,"Mbao, Dakar, Sénégal",https://images.coinafrique.com/thumb_5186967_uploaded_image1_1739620133.jpg
Chiot Berger Allemand ,130 000CFA,"Pikine, Sénégal",https://images.coinafrique.com/thumb_5186005_uploaded_image1_1739548062.jpg
Chiots Dogo Canario ,Prix sur demande,"Dakar, Sénégal",https://images.coinafrique.com/thumb_5178208_uploaded_image1_1739149958.jpg
Chiot Rottweiler,350 000CFA,"Sacré-Coeur, Dakar, Sénégal",https://images.coinafrique.com/thumb_5161997_uploaded_image1_1738308372.jpg
Chiots Doberman,400 000CFA,"HLM, Dakar, Sénégal",https://images.coinafrique.com/thumb_5158454_uploaded_image1_1738138116.jpg
Chien Rottewaler,300 000CFA,"Dakar Plateau, Dakar, Sénégal",https://images.coinafrique.com/thumb_5155571_uploaded_image1_1737992590.jpg
Chiot Labrador,Prix sur demande,"Mbao, Dakar, Sénégal",https://images.coinafrique.com/thumb_5136517_uploaded_image1_1736959572.jpg
Chiots Bichons ,175 000CFA,"Mamelles, Dakar, Sénégal",https://images.coinafrique.com/thumb_5133780_uploaded_image1_1736845188.jpg
Chiot Berger Allemand ,130 000CFA,"Dakar, Sénégal",https://images.coinafrique.com/thumb_5131922_uploaded_image1_1736729395.jpg
Chien,275CFA,"Dakar, Sénégal",https://images.coinafrique.com/thumb_5124976_uploaded_image1_1736338081.jpg
Chiot Berger Allemand ,210 000CFA,"Fann, Dakar, Sénégal",https://images.coinafrique.com/thumb_5114394_uploaded_image1_1735682024.jpg
Chiot Bichon Maltais,Prix sur demande,"Mbao, Dakar, Sénégal",https://images.coinafrique.com/thumb_5104979_uploaded_image2_1734994461.jpeg
Chiot Bichon Maltais,Prix sur demande,"Mbao, Dakar, Sénégal",https://images.coinafrique.com/thumb_5090975_uploaded_image1_1734122480.jpg
Chiot Bichon Maltais,80 000CFA,"Sicap Liberté, Dakar, Sénégal",https://images.coinafrique.com/thumb_5085599_uploaded_image1_1733856381.jpg
Chiot Bichon Maltais,80 000CFA,"Sicap Liberté, Dakar, Sénégal",https://images.coinafrique.com/thumb_5085597_uploaded_image1_1733856273.jpg
Chiot Bichon Maltais,80 000CFA,"Sicap Liberté, Dakar, Sénégal",https://images.coinafrique.com/thumb_5085579_uploaded_image1_1733854971.jpg
Berger malinois,250 000CFA,"Mbao, Dakar, Sénégal",https://images.coinafrique.com/thumb_5078573_uploaded_image1_1733447779.jpg
Femelle berger allemand 4 mois,Prix sur demande,"Dakar, Sénégal",https://images.coinafrique.com/thumb_5065991_uploaded_image1_1732805663.jpg
Caniche mâle,650 000CFA,"Almadies 2, Dakar, Sénégal",https://images.coinafrique.com/thumb_5054275_uploaded_image1_1732162667.jpg
Chiot chihuahuas ,250 000CFA,"Sicap Liberté, Dakar, Sénégal",https://images.coinafrique.com/thumb_5045245_uploaded_image1_1731667358.jpg
Chiot Rottweiler,300 000CFA,"Mbao, Dakar, Sénégal",https://images.coinafrique.com/thumb_5044649_uploaded_image1_1731627517.jpg
Chiot Husky ,Prix sur demande,"Point E, Dakar, Sénégal",https://images.coinafrique.com/thumb_5028791_uploaded_image1_1730840222.jpg
Chiot Berger Allemand ,350 000CFA,"Guediawaye, Dakar, Sénégal",https://images.coinafrique.com/thumb_5016564_uploaded_image1_1730217865.jpg
Chiots Berger Allemand ,250 000CFA,"Saint Louis, Sénégal",https://images.coinafrique.com/thumb_5013765_uploaded_image1_1730056659.jpg
Chiot Berger Allemand ,130 000CFA,"Niaga, Sénégal",https://images.coinafrique.com/thumb_5006641_uploaded_image1_1729624663.jpg
Chiot Rottweiler,250CFA,"Dakar, Sénégal",https://images.coinafrique.com/thumb_5004868_uploaded_image1_1729539442.jpg
Chiots labrador pure race ,Prix sur demande,"Mbao, Dakar, Sénégal",https://images.coinafrique.com/thumb_5002785_uploaded_image1_1729429974.jpg
Chiots Bichon Maltais  ,Prix sur demande,"Dakar, Sénégal",https://images.coinafrique.com/thumb_5002622_uploaded_image1_1729418106.jpg
Berger allemand femelle,155 000CFA,"Diamniadio, Sénégal",https://images.coinafrique.com/thumb_4996897_uploaded_image1_1729087539.jpg
Chiot Bichon Maltais,300 000CFA,"Yoff, Dakar, Sénégal",https://images.coinafrique.com/thumb_4993670_uploaded_image1_1728931466.jpg
Chien,350 000CFA,"Keur Massar, Sénégal",https://images.coinafrique.com/thumb_4969495_uploaded_image1_1727744912.jpg
Bichon maltais pur race  ,180 000CFA,"Sicap Liberté, Dakar, Sénégal",https://images.coinafrique.com/thumb_4968565_uploaded_image1_1727702109.jpg
Bichon maltais,180 000CFA,"Sicap Liberté, Dakar, Sénégal",https://images.coinafrique.com/thumb_4968555_uploaded_image1_1727701801.jpg
Chiots croisé Boer et Root,150 000CFA,"Cambérène, Dakar, Sénégal",https://images.coinafrique.com/thumb_4919750_uploaded_image1_1725108338.jpg
chiot boerboel,500 000CFA,"Mbour, Sénégal",https://images.coinafrique.com/thumb_4960771_uploaded_image1_1727238490.jpg
Chiot Bichon Maltais,120 000CFA,"Mbao, Dakar, Sénégal",https://images.coinafrique.com/thumb_4953991_uploaded_image1_1726857246.jpg
Chiot Labrador,Prix sur demande,"Mbao, Dakar, Sénégal",https://images.coinafrique.com/thumb_4953869_uploaded_image1_1726851193.jpg
Chiot Bichon ,120 000CFA,"Sacré-Coeur, Dakar, Sénégal",https://images.coinafrique.com/thumb_4951836_uploaded_image1_1726753152.jpg
Chiot Boerboel,250 000CFA,"Dakar, Sénégal",https://images.coinafrique.com/thumb_4951796_uploaded_image1_1726751862.jpg
Chiots Pitbull  ,200 000CFA,"Dakar, Sénégal",https://images.coinafrique.com/thumb_4951773_uploaded_image1_1726751081.jpg
Chiot chihuahua,390 000CFA,"Ngaparou, Sénégal",https://images.coinafrique.com/thumb_4946002_uploaded_image1_1726441968.jpg
Chiot Berger Allemand ,100 000CFA,"Thies, Sénégal",https://images.coinafrique.com/thumb_4943304_uploaded_image1_1726252041.jpg
Couple de chiot de race,75 000CFA,"Ngor, Dakar, Sénégal",https://images.coinafrique.com/thumb_4937044_uploaded_image1_1725971142.jpg
Chiot Bichon,180 000CFA,"Mamelles, Dakar, Sénégal",https://images.coinafrique.com/thumb_4935684_uploaded_image1_1725899364.jpg
Chiot bichon Maltais ,150 000CFA,"Keur Massar, Sénégal",https://images.coinafrique.com/thumb_4934038_uploaded_image1_1725809065.jpg
Chiot Rottweiler,300 000CFA,"Thies, Sénégal",https://images.coinafrique.com/thumb_4920593_uploaded_image1_1725147642.jpg
Berger Malinois ,200 000CFA,"Dakar, Sénégal",https://images.coinafrique.com/thumb_4910751_uploaded_image1_1724605148.jpg
Chiot femelle caniche ,150 000CFA,"Thies, Sénégal",https://images.coinafrique.com/thumb_4893046_uploaded_image1_1723590343.jpg
Chiot Berger Allemand ,150 000CFA,"Dakar, Sénégal",https://images.coinafrique.com/thumb_4892261_uploaded_image1_1723561480.jpg
Berger allemand,150 000CFA,"Keur Massar, Sénégal",https://images.coinafrique.com/thumb_4888701_uploaded_image1_1723387152.jpg
Chiot Berger Malinois ,300 000CFA,"Mbour, Sénégal",https://images.coinafrique.com/thumb_4887929_uploaded_image1_1723329270.jpg
Berger Allemand,150 000CFA,"Almadies 2, Dakar, Sénégal",https://images.coinafrique.com/thumb_4885136_uploaded_image1_1723173479.jpg
Pitbull,135 000CFA,"Almadies 2, Dakar, Sénégal",https://images.coinafrique.com/thumb_4885134_uploaded_image1_1723173253.jpg
Golden Retriever,300 000CFA,"Almadies 2, Dakar, Sénégal",https://images.coinafrique.com/thumb_4885131_uploaded_image1_1723173005.jpg
Chiot Berger Allemand ,150 000CFA,"Cambérène, Dakar, Sénégal",https://images.coinafrique.com/thumb_4875998_uploaded_image1_1722728517.jpg
Chiot Caniche,150 000CFA,"Thies, Sénégal",https://images.coinafrique.com/thumb_4867390_uploaded_image1_1722338649.jpg
Bichons maltin pure race,250 000CFA,"HLM, Dakar, Sénégal",https://images.coinafrique.com/thumb_4865327_uploaded_image1_1722209598.jpg
Chiots berger allemand,150 000CFA,"Keur Massar, Sénégal",https://images.coinafrique.com/thumb_4858734_uploaded_image1_1721829571.jpg
Chiots Golden retriever,650 000CFA,"Dakar Plateau, Dakar, Sénégal",https://images.coinafrique.com/thumb_4853861_uploaded_image1_1721576301.jpg
Chiot Chiwawa,550 000CFA,"Dakar Plateau, Dakar, Sénégal",https://images.coinafrique.com/thumb_4853647_uploaded_image1_1721564020.jpg
Chiot Husky  ,200 000CFA,"Mbour, Sénégal",https://images.coinafrique.com/thumb_4852383_uploaded_image1_1721477152.jpg
Chiot Cane Corso,Prix sur demande,"Mariste, Dakar, Sénégal",https://images.coinafrique.com/thumb_4851447_uploaded_image1_1721414706.jpg
Chiot Belgian Malinois charbonne,250 000CFA,"Yoff, Dakar, Sénégal",https://images.coinafrique.com/thumb_4850412_uploaded_image1_1721376820.jpg
Chiots Rottweiler ,250 000CFA,"Mariste, Dakar, Sénégal",https://images.coinafrique.com/thumb_4848898_uploaded_image1_1721301203.jpg
Chiots spitz nain ,800 000CFA,"Dakar Plateau, Dakar, Sénégal",https://images.coinafrique.com/thumb_4845887_uploaded_image1_1721141629.jpg
Berger allemand ,150 000CFA,"Diamniadio, Sénégal",https://images.coinafrique.com/thumb_4845561_uploaded_image1_1721130362.jpg
Berger Allemand,150 000CFA,"Cambérène, Dakar, Sénégal",https://images.coinafrique.com/thumb_4840125_uploaded_image1_1720797730.jpg
Chiots Berger Allemand ,350 000CFA,"Parcelle Assainies, Dakar, Sénégal",https://images.coinafrique.com/thumb_4837526_uploaded_image1_1720683729.jpg
Berger Allemand poil long,150 000CFA,"Thies, Sénégal",https://images.coinafrique.com/thumb_4834152_uploaded_image1_1720526802.jpg
Chiens de race ,250 000CFA,"HLM, Dakar, Sénégal",https://images.coinafrique.com/thumb_4829755_uploaded_image1_1720296424.jpg
Chiens de race ,500 000CFA,"HLM, Dakar, Sénégal",https://images.coinafrique.com/thumb_4829728_uploaded_image1_1720295748.jpg
Chiots Berger Allemand ,160 000CFA,"Cambérène, Dakar, Sénégal",https://images.coinafrique.com/thumb_4817314_uploaded_image1_1719692246.jpg
Chiot Husky pur sang,250 000CFA,"Ouest Foire, Dakar, Sénégal",https://images.coinafrique.com/thumb_4814513_uploaded_image1_1719531765.jpg
Chiots dog canaries,Prix sur demande,"Keur Massar, Sénégal",https://images.coinafrique.com/thumb_4808208_uploaded_image1_1719236144.jpg
Chiot Malinois 4 mois ,275CFA,"Dakar, Sénégal",https://images.coinafrique.com/thumb_4807147_uploaded_image2_1719173692.jpeg
Chien Malinois ,77 963 888CFA,"Dakar, Sénégal",https://images.coinafrique.com/thumb_4806294_uploaded_image1_1719106703.jpg
Bichon Maltais ,779 638 883CFA,"Dakar, Sénégal",https://images.coinafrique.com/thumb_4806292_uploaded_image1_1719106602.jpg
Chiot malinois femelle,250 000CFA,"Saly, Sénégal",https://images.coinafrique.com/thumb_4795597_uploaded_image1_1718373916.jpg
Chiots Berger Allemand ,400 000CFA,"Mbour, Sénégal",https://images.coinafrique.com/thumb_4764005_uploaded_image1_1716798431.jpg
Chiots Berger XL,250 000CFA,"Saly, Sénégal",https://images.coinafrique.com/thumb_4758802_uploaded_image1_1716485273.jpg
Chiot Malinois,290CFA,"Dakar, Sénégal",https://images.coinafrique.com/thumb_4755803_uploaded_image1_1716366578.jpg
Chien Husky,300 000CFA,"Ouest Foire, Dakar, Sénégal",https://images.coinafrique.com/thumb_4755258_uploaded_image1_1716323395.jpg
Chiots,20 000CFA,"Gorée, Dakar, Sénégal",https://images.coinafrique.com/thumb_4740260_uploaded_image1_1715562134.jpg
Chiot Bichon ,150 000CFA,"Grand Yoff, Dakar, Sénégal",https://images.coinafrique.com/thumb_4739575_uploaded_image1_1715527231.jpg
Rottweiler ,300 000CFA,"Dakar, Sénégal",https://images.coinafrique.com/thumb_4727689_uploaded_image1_1714948146.jpg
Berger Allemand Femelle,500 000CFA,"Dakar, Sénégal",https://images.coinafrique.com/thumb_4717577_uploaded_image1_1714468820.jpg
Chien Berger Allemand,200 000CFA,"Guediawaye, Dakar, Sénégal",https://images.coinafrique.com/thumb_4716925_uploaded_image1_1714422080.jpg
Femelle Apbt Brinze,250 000CFA,"Dakar, Sénégal",https://images.coinafrique.com/thumb_4711619_uploaded_image1_1714093089.jpg
Chiot Malinois ,779 638 883CFA,"Dakar, Sénégal",https://images.coinafrique.com/thumb_4695228_uploaded_image1_1713282119.jpg
Chiot Bichon Maltais,777 621 466CFA,"Dakar, Sénégal",https://images.coinafrique.com/thumb_4683644_uploaded_image1_1712667997.jpg
Chiots Malinois,Prix sur demande,"Mbao, Dakar, Sénégal",https://images.coinafrique.com/thumb_4681737_uploaded_image1_1712574717.jpg
Chiot Ridgback,500 000CFA,"Diamniadio, Sénégal",https://images.coinafrique.com/thumb_4680610_uploaded_image1_1712497780.jpg
Malinois mal ,250CFA,"Dakar, Sénégal",https://images.coinafrique.com/thumb_4679677_uploaded_image1_1712423347.jpg
Chien Berger Allemand ,310 000CFA,"Rufisque, Sénégal",https://images.coinafrique.com/thumb_4679501_uploaded_image1_1712415418.jpg
Chiots Bichons Maltais ,100 000CFA,"Ouest Foire, Dakar, Sénégal",https://images.coinafrique.com/thumb_4672174_uploaded_image1_1712086423.jpg
Chiot Berger Allemand ,150 000CFA,"Guediawaye, Dakar, Sénégal",https://images.coinafrique.com/thumb_4670652_uploaded_image1_1712025834.jpg
Chiot Malinois,250 000CFA,"Rufisque, Sénégal",https://images.coinafrique.com/thumb_4667946_uploaded_image1_1711887848.jpg
Chiot Boerbull,Prix sur demande,"Dakar, Sénégal",https://images.coinafrique.com/thumb_4664453_uploaded_image1_1711641058.jpg
Chiot Boerbull ,Prix sur demande,"Dakar, Sénégal",https://images.coinafrique.com/thumb_4664447_uploaded_image1_1711640943.jpg
Chiot Berger Allemand ,250 000CFA,"Dakar, Sénégal",https://images.coinafrique.com/thumb_4660990_uploaded_image1_1711470133.jpg
Chiot Berger Allemand,160 000CFA,"Dakar, Sénégal",https://images.coinafrique.com/thumb_4659440_uploaded_image1_1711400521.jpg
Chien Berger allemand,175 000CFA,"Dakar, Sénégal",https://images.coinafrique.com/thumb_4657472_uploaded_image1_1711294709.jpg
Chiot Berger Allemand,Prix sur demande,"Pikine, Sénégal",https://images.coinafrique.com/thumb_4653887_uploaded_image1_1711074324.jpg
Chiots Golden Retriever ,650 000CFA,"Dakar Plateau, Dakar, Sénégal",https://images.coinafrique.com/thumb_4652247_uploaded_image1_1710993916.jpg
Chiot Berger Allemand mâle,180 000CFA,"Dakar, Sénégal",https://images.coinafrique.com/thumb_4636694_uploaded_image1_1710171190.jpg
Caniche,200 000CFA,"Dakar, Sénégal",https://images.coinafrique.com/thumb_4634226_uploaded_image1_1710001956.jpg
Chien Berger Femelle adulte ,500 000CFA,"Dakar, Sénégal",https://images.coinafrique.com/thumb_4630010_uploaded_image1_1709800534.jpg
Chiot Malinois,300 000CFA,"Dakar, Sénégal",https://images.coinafrique.com/thumb_4618143_uploaded_image1_1709220344.jpg
Bichon,150 000CFA,"Mariste, Dakar, Sénégal",https://images.coinafrique.com/thumb_4611544_uploaded_image1_1708894607.jpg
Chien Berger Allemand ,Prix sur demande,"Dakar, Sénégal",https://images.coinafrique.com/thumb_4609624_uploaded_image1_1708767944.jpg
Chien Boerboel ,275 000CFA,"Diamniadio, Sénégal",https://images.coinafrique.com/thumb_4607340_uploaded_image1_1708639477.jpg
Chiens boerbulls ,Prix sur demande,"Diamniadio, Sénégal",https://images.coinafrique.com/thumb_4606579_uploaded_image1_1708609223.jpg
Chiens berger allemand ,Prix sur demande,"Dakar, Sénégal",https://images.coinafrique.com/thumb_4604923_uploaded_image1_1708530320.jpg
Chiot Bichon ,100 000CFA,"Thies, Sénégal",https://images.coinafrique.com/thumb_4595120_uploaded_image1_1708002349.jpg
Bichon maltais femelle,130 000CFA,"Almadies 2, Dakar, Sénégal",https://images.coinafrique.com/thumb_4583262_uploaded_image1_1707324718.jpg
Chien Boerboel,250CFA,"Dakar, Sénégal",https://images.coinafrique.com/thumb_4580660_uploaded_image1_1707214130.jpg
Chien American Bully,Prix sur demande,"Thies, Sénégal",https://images.coinafrique.com/thumb_4579870_uploaded_image1_1707162831.jpg
Chiot Berger Allemand ,150 000CFA,"Almadies 2, Dakar, Sénégal",https://images.coinafrique.com/thumb_4578293_uploaded_image1_1707081785.jpg
Chiot Rottweiler,250 000CFA,"Almadies 2, Dakar, Sénégal",https://images.coinafrique.com/thumb_4578118_uploaded_image1_1707073637.jpg
Chiots Berger Allemand ,175 000CFA,"Dakar, Sénégal",https://images.coinafrique.com/thumb_4578066_uploaded_image1_1707070773.jpg
Chiens Malinois charbonner,250 000CFA,"Rufisque, Sénégal",https://images.coinafrique.com/thumb_4560526_uploaded_image1_1706096544.jpg
Chiens malinois,Prix sur demande,"Dakar, Sénégal",https://images.coinafrique.com/thumb_4559186_uploaded_image1_1706015644.jpg
Chiots  Bichon maltais ,Prix sur demande,"Dakar, Sénégal",https://images.coinafrique.com/thumb_4557442_uploaded_image1_1705924339.jpg
Chiots mâle ,195 000CFA,"Point E, Dakar, Sénégal",https://images.coinafrique.com/thumb_4556192_uploaded_image1_1705853341.jpg
Chiot Malinois ,350 000CFA,"Dakar, Sénégal",https://images.coinafrique.com/thumb_4549443_uploaded_image1_1705486947.jpg
Chiot femelle Malinois et Red Nose,250 000CFA,"Dakar, Sénégal",https://images.coinafrique.com/thumb_4548513_uploaded_image1_1705430390.jpg
Rottweiler femelle 2 mois,275 000CFA,"Dakar, Sénégal",https://images.coinafrique.com/thumb_4543266_uploaded_image1_1705144667.jpg
Chiot Rott,300 000CFA,"Thies, Sénégal",https://images.coinafrique.com/thumb_4532830_uploaded_image1_1704659788.jpg
Chiot Berger Malinois ,250 000CFA,"Thies, Sénégal",https://images.coinafrique.com/thumb_4532826_uploaded_image1_1704659683.jpg
Chiot Berger Allemand ,150 000CFA,"Thies, Sénégal",https://images.coinafrique.com/thumb_4532817_uploaded_image1_1704659367.jpg
Chiot Berger allemand,150 000CFA,"Dakar, Sénégal",https://images.coinafrique.com/thumb_4532063_uploaded_image1_1704626532.jpg
Chiots Bergers Allemands,125 000CFA,"Saly, Sénégal",https://images.coinafrique.com/thumb_4530727_uploaded_image1_1704546741.jpg
Chiot Berger Allemand,700 000CFA,"Thies, Sénégal",https://images.coinafrique.com/thumb_4513587_uploaded_image1_1703525523.jpg
Chiotte Berger Allemand,230 000CFA,"Thies, Sénégal",https://images.coinafrique.com/thumb_4513582_uploaded_image1_1703525135.jpg
Chiens  Malinois charbonnés,700 000CFA,"Thies, Sénégal",https://images.coinafrique.com/thumb_4513573_uploaded_image1_1703524791.jpg
Chiot Boerbool,550 000CFA,"Thies, Sénégal",https://images.coinafrique.com/thumb_4513571_uploaded_image1_1703524590.jpg
Chiot Caniche ,Prix sur demande,"Mbour, Sénégal",https://images.coinafrique.com/thumb_4499987_uploaded_image1_1702579369.jpg
Bichon Maltais,120 000CFA,"Sicap Liberté, Dakar, Sénégal",https://images.coinafrique.com/thumb_4497142_uploaded_image1_1702422599.jpg
Bichon Maltais,150 000CFA,"Sicap Liberté, Dakar, Sénégal",https://images.coinafrique.com/thumb_4497133_uploaded_image1_1702422179.jpg
Chiots Bichon Maltais ,150 000CFA,"Lac rose, Sénégal",https://images.coinafrique.com/thumb_4491233_uploaded_image1_1702048768.jpg
Chiot Malinois,275CFA,"Dakar, Sénégal",https://images.coinafrique.com/thumb_4482375_uploaded_image1_1701548723.jpg
Chiot Rottweiler,350 000CFA,"Dakar, Sénégal",https://images.coinafrique.com/thumb_4482373_uploaded_image1_1701548572.jpg
Chien Kangal,Prix sur demande,"Saly, Sénégal",https://images.coinafrique.com/thumb_4473735_uploaded_image1_1701045157.jpg
Chiot Malinois,250 000CFA,"Dakar, Sénégal",https://images.coinafrique.com/thumb_4463659_uploaded_image1_1700349992.jpg
Chiot Caniche ,150 000CFA,"Fass, Dakar, Sénégal",https://images.coinafrique.com/thumb_4456414_uploaded_image1_1699894532.jpg
Femelles Bichon Maltais ,170 000CFA,"Sicap Liberté, Dakar, Sénégal",https://images.coinafrique.com/thumb_4436255_uploaded_image1_1698705740.jpg
Chien Berger Allemand ,200 000CFA,"Dakar, Sénégal",https://images.coinafrique.com/thumb_4413898_uploaded_image1_1697111822.jpg
Chien Berger Allemand ,300 000CFA,"Dakar, Sénégal",https://images.coinafrique.com/thumb_4413893_uploaded_image1_1697111712.jpg
Chien,300 000CFA,"Dakar, Sénégal",https://images.coinafrique.com/thumb_4413890_uploaded_image1_1697111604.jpg
Chiot,Prix sur demande,"Ngor, Dakar, Sénégal",https://images.coinafrique.com/thumb_4408048_uploaded_image1_1696769142.jpg
Chiot Presa Canario,Prix sur demande,"Pikine, Sénégal",https://images.coinafrique.com/thumb_4407651_uploaded_image1_1696729959.jpg
Chiot Bichon ,180 000CFA,"Grand Yoff, Dakar, Sénégal",https://images.coinafrique.com/thumb_4405915_uploaded_image1_1696611971.jpg
Chiots Bichon Maltais,150 000CFA,"Dakar, Sénégal",https://images.coinafrique.com/thumb_4405536_uploaded_image1_1696594762.jpg
Chiot Caniche ,120 000CFA,"Grand Yoff, Dakar, Sénégal",https://images.coinafrique.com/thumb_4404913_uploaded_image1_1696555140.jpg
Chien Malinois,130 000CFA,"Mamelles, Dakar, Sénégal",https://images.coinafrique.com/thumb_4399201_uploaded_image1_1696256233.jpg
Chiot Berger allemand,300 000CFA,"Thies, Sénégal",https://images.coinafrique.com/thumb_4396584_uploaded_image1_1696077607.jpg
Chiot Bichon Maltais,180 000CFA,"Sicap Liberté, Dakar, Sénégal",https://images.coinafrique.com/thumb_4396239_uploaded_image1_1696044813.jpg
Chiot Bichon femelle,160 000CFA,"Dieuppeul-Derklé, Dakar, Sénégal",https://images.coinafrique.com/thumb_4391785_uploaded_image1_1695736409.jpg
Chiots Husky ,400 000CFA,"Mariste, Dakar, Sénégal",https://images.coinafrique.com/thumb_4390232_uploaded_image1_1695643427.jpg
Chiot Bichon,180 000CFA,"Sicap Liberté, Dakar, Sénégal",https://images.coinafrique.com/thumb_4380821_uploaded_image1_1694998874.jpg
Chiots  Berger Malinois,170 000CFA,"Ngor, Dakar, Sénégal",https://images.coinafrique.com/thumb_4375184_uploaded_image1_1694613400.jpg
Chiots Berger Allemand ,150 000CFA,"Grand Yoff, Dakar, Sénégal",https://images.coinafrique.com/thumb_4372068_uploaded_image1_1694433846.jpg
Chiot Berger Allemand,300 000CFA,"Keur Massar, Sénégal",https://images.coinafrique.com/thumb_4364394_uploaded_image1_1693936965.jpg
Chiot Labrador ,600 000CFA,"Dakar Plateau, Dakar, Sénégal",https://images.coinafrique.com/thumb_4362528_uploaded_image1_1693831725.jpg
Chiot Bichon ,160 000CFA,"Dieuppeul-Derklé, Dakar, Sénégal",https://images.coinafrique.com/thumb_4359376_uploaded_image1_1693588268.jpg
Vente chiot pittbull  femelle ,Prix sur demande,"Sicap Liberté, Dakar, Sénégal",https://images.coinafrique.com/thumb_4351149_uploaded_image1_1693052882.jpg
Chiot Berger allemand,Prix sur demande,"Mbour, Sénégal",https://images.coinafrique.com/thumb_4351042_uploaded_image1_1693047159.jpg
Chiots Bichons,150 000CFA,"Dieuppeul-Derklé, Dakar, Sénégal",https://images.coinafrique.com/thumb_4349193_uploaded_image1_1692908102.jpg
Chiots Berger Malinois  ,140 000CFA,"Almadies, Dakar, Sénégal",https://images.coinafrique.com/thumb_4347191_uploaded_image1_1692800036.jpg
Chiot Malinois,225 000CFA,"Rufisque, Sénégal",https://images.coinafrique.com/thumb_4347159_uploaded_image1_1692798815.jpg
Chiots,250 000CFA,"Dakar, Sénégal",https://images.coinafrique.com/thumb_4344699_uploaded_image1_1692644593.jpg
Chien  Berger  ,Prix sur demande,"Almadies, Dakar, Sénégal",https://images.coinafrique.com/thumb_4344463_uploaded_image1_1692634225.jpg
Chiot Pitbull,Prix sur demande,"Sicap Liberté, Dakar, Sénégal",https://images.coinafrique.com/thumb_4332159_uploaded_image1_1691820363.jpg
Chiot  Caniche,Prix sur demande,"Mermoz-Sacré Coeur, Dakar, Sénégal",https://images.coinafrique.com/thumb_4330813_uploaded_image1_1691723836.jpg
Chiots Bichons ,150CFA,"Dieuppeul-Derklé, Dakar, Sénégal",https://images.coinafrique.com/thumb_4330247_uploaded_image1_1691686832.jpg
Chiot Pitbull,Prix sur demande,"Sicap Liberté, Dakar, Sénégal",https://images.coinafrique.com/thumb_4327552_uploaded_image1_1691526026.jpg
Chiots  Boerbull  ,Prix sur demande,"Biscuiterie, Dakar, Sénégal",https://images.coinafrique.com/thumb_4324260_uploaded_image1_1691322006.jpg
Chiots  Malinois,225 000CFA,"Dakar, Sénégal",https://images.coinafrique.com/thumb_4318517_uploaded_image1_1690980921.jpg
Chiot berger allemand ,Prix sur demande,"Thies, Sénégal",https://images.coinafrique.com/thumb_4315123_uploaded_image1_1690791733.jpg
