details,prix,adresse,image_lien
Cochin caillouté,Prix sur demande,"Pikine, Sénégal",https://images.coinafrique.com/thumb_5795056_uploaded_image1_1772163078.jpg
Poussin hermine,7 500CFA,"Ouakam, Dakar, Sénégal",https://images.coinafrique.com/thumb_5786408_uploaded_image1_1771698246.jpg
Lapereaux,Prix sur demande,"Thies, Sénégal",https://images.coinafrique.com/thumb_5782021_uploaded_image1_1771503339.jpg
Poulets de chair,3 000CFA,"Dakar, Sénégal",https://images.coinafrique.com/thumb_5780864_uploaded_image1_1771450383.jpg
Brahman herminé,35 000CFA,"Dakar, Sénégal",https://images.coinafrique.com/thumb_5778994_uploaded_image1_1771363080.jpg
Couple lapin 6 mois,35 000CFA,"Pikine, Sénégal",https://images.coinafrique.com/thumb_5773429_uploaded_image1_1770999151.jpg
Œufs fécondés,2 500CFA,"Guediawaye, Dakar, Sénégal",https://images.coinafrique.com/thumb_5740994_uploaded_image1_1769368723.jpg
Poule Brahma,10 000CFA,"Dakar, Sénégal",https://images.coinafrique.com/thumb_5717554_uploaded_image1_1768255739.jpg
Poussin dinde chair,3 500CFA,"Almadies 2, Dakar, Sénégal",https://images.coinafrique.com/thumb_5714121_uploaded_image1_1768054212.jpg
Lapins,25 000CFA,"Parcelle Assainies, Dakar, Sénégal",https://images.coinafrique.com/thumb_5693264_uploaded_image1_1766935865.jpg
Pigeons,Prix sur demande,"Dakar, Sénégal",https://images.coinafrique.com/thumb_5674944_uploaded_image1_1765881198.jpg
Pigeon King,60 000CFA,"Mbao, Dakar, Sénégal",https://images.coinafrique.com/thumb_5669544_uploaded_image1_1765545674.jpg
Poulettes pré ponte de 124 jours,5 000CFA,"Dakar, Sénégal",https://images.coinafrique.com/thumb_5655142_uploaded_image2_1764832679.jpeg
Poussin goliath,300CFA,"Thies, Sénégal",https://images.coinafrique.com/thumb_5648409_uploaded_image1_1764510412.jpg
Poulet Goliath,Prix sur demande,"Mbao, Dakar, Sénégal",https://images.coinafrique.com/thumb_5648319_uploaded_image1_1764504900.jpg
Pigeon Voyageur,20 000CFA,"Rufisque, Sénégal",https://images.coinafrique.com/thumb_5642510_uploaded_image1_1764173213.jpg
Poule Brahman ,Prix sur demande,"Keur Massar, Sénégal",https://images.coinafrique.com/thumb_5594420_uploaded_image1_1761683034.jpg
Femmel cailloute,30 000CFA,"Mariste, Dakar, Sénégal",https://images.coinafrique.com/thumb_5587969_uploaded_image1_1761236540.jpg
Poule Brahman ,Prix sur demande,"Keur Massar, Sénégal",https://images.coinafrique.com/thumb_5577027_uploaded_image1_1760621886.jpg
Lapin,Prix sur demande,"Guediawaye, Dakar, Sénégal",https://images.coinafrique.com/thumb_5572908_uploaded_image1_1760428902.jpg
Pigeons mondain,Prix sur demande,"Guediawaye, Dakar, Sénégal",https://images.coinafrique.com/thumb_5572903_uploaded_image1_1760428699.jpg
Couple  Mondain,130 000CFA,"HLM, Dakar, Sénégal",https://images.coinafrique.com/thumb_5541428_uploaded_image1_1758715216.jpg
Pigeon ,15 000CFA,"Ouest Foire, Dakar, Sénégal",https://images.coinafrique.com/thumb_5521622_uploaded_image1_1757666321.jpg
Lapin,40 000CFA,"Keur Massar, Sénégal",https://images.coinafrique.com/thumb_5514578_uploaded_image2_1757331557.jpeg
Pigeon Mondain ,120 000CFA,"Guediawaye, Dakar, Sénégal",https://images.coinafrique.com/thumb_5507608_uploaded_image1_1756942600.jpg
Pigeon Mondain,120 000CFA,"Guediawaye, Dakar, Sénégal",https://images.coinafrique.com/thumb_5507606_uploaded_image1_1756942550.jpg
Pigeons,100 000CFA,"Parcelle Assainies, Dakar, Sénégal",https://images.coinafrique.com/thumb_5458528_uploaded_image1_1754315737.jpg
Cochin caillouté ,Prix sur demande,"Ouakam, Dakar, Sénégal",https://images.coinafrique.com/thumb_5497195_uploaded_image1_1756395052.jpg
Couples texans pionniers,40 000CFA,"Ouakam, Dakar, Sénégal",https://images.coinafrique.com/thumb_5497183_uploaded_image1_1756394350.jpg
Couple Mondain,100 000CFA,"Ouakam, Dakar, Sénégal",https://images.coinafrique.com/thumb_5497172_uploaded_image1_1756394052.jpg
Couple Manteau noir,15 000CFA,"Ouakam, Dakar, Sénégal",https://images.coinafrique.com/thumb_5497155_uploaded_image1_1756393487.jpg
Pigeon culbtant volga,30 000CFA,"Fatick, Sénégal",https://images.coinafrique.com/thumb_5497140_uploaded_image1_1756393034.jpg
Pigeon Lahore Levante,Prix sur demande,"Thies, Sénégal",https://images.coinafrique.com/thumb_5486667_uploaded_image1_1755797873.jpg
Pigeon Beauté Allemande,Prix sur demande,"Thies, Sénégal",https://images.coinafrique.com/thumb_5486666_uploaded_image1_1755797791.jpg
Lapin,35 000CFA,"Almadies, Dakar, Sénégal",https://images.coinafrique.com/thumb_5465434_uploaded_image1_1754648894.jpg
Lapin Métis Californien,25 000CFA,"Keur Massar, Sénégal",https://images.coinafrique.com/thumb_5437884_uploaded_image1_1753306013.jpg
Brahman herminé,Prix sur demande,"Keur Massar, Sénégal",https://images.coinafrique.com/thumb_5435588_uploaded_image1_1753200754.jpg
Poussins frisés,15 000CFA,"Keur Massar, Sénégal",https://images.coinafrique.com/thumb_5430818_uploaded_image1_1752929676.jpg
Poussins brahma blanc herminé,25 000CFA,"Dieuppeul-Derklé, Dakar, Sénégal",https://images.coinafrique.com/thumb_5414572_uploaded_image1_1752060211.jpg
Poussins brahmas importés,10 000CFA,"Diamalaye 2, Dakar, Sénégal",https://images.coinafrique.com/thumb_5404325_uploaded_image1_1751544553.jpg
Poussins frisés ,15 000CFA,"Keur Massar, Sénégal",https://images.coinafrique.com/thumb_5402124_uploaded_image1_1751450050.jpg
Poussins frisés ,15 000CFA,"Keur Massar, Sénégal",https://images.coinafrique.com/thumb_5402120_uploaded_image1_1751449791.jpg
Coqs colorés,8 000CFA,"Biscuiterie, Dakar, Sénégal",https://images.coinafrique.com/thumb_5394586_uploaded_image1_1751020727.jpg
Poulet pondeuses,Prix sur demande,"Mbour, Sénégal",https://images.coinafrique.com/thumb_5393356_uploaded_image1_1750945446.jpg
Lapins,Prix sur demande,"Thies, Sénégal",https://images.coinafrique.com/thumb_5384185_uploaded_image1_1750435313.jpg
Couple voyageur,15 000CFA,"Mariste, Dakar, Sénégal",https://images.coinafrique.com/thumb_5381347_uploaded_image1_1750286641.jpg
Lapin Métis californien,15 000CFA,"Keur Massar, Sénégal",https://images.coinafrique.com/thumb_5364052_uploaded_image1_1749295289.jpg
Poussins Brahma,Prix sur demande,"Ouakam, Dakar, Sénégal",https://images.coinafrique.com/thumb_5352324_uploaded_image1_1748613214.jpg
Lapins Métis Californien,10 000CFA,"Keur Massar, Sénégal",https://images.coinafrique.com/thumb_5350705_uploaded_image1_1748514803.jpg
couple mondain adulte 2024,200 000CFA,"Pikine, Sénégal",https://images.coinafrique.com/thumb_5337087_uploaded_image1_1747753115.jpg
Couple Braman Hermine ,90 000CFA,"Parcelle Assainies, Dakar, Sénégal",https://images.coinafrique.com/thumb_5329879_uploaded_image1_1747329681.jpg
Couple Braman Hermine ,90 000CFA,"Parcelle Assainies, Dakar, Sénégal",https://images.coinafrique.com/thumb_5329869_uploaded_image1_1747329370.jpg
Dindon,Prix sur demande,"Ouakam, Dakar, Sénégal",https://images.coinafrique.com/thumb_5323572_uploaded_image1_1747046013.jpg
Pigeon voyageur,Prix sur demande,"Ouakam, Dakar, Sénégal",https://images.coinafrique.com/thumb_5323552_uploaded_image1_1747045029.jpg
Pigeon King Indigo,Prix sur demande,"Sicap Liberté, Dakar, Sénégal",https://images.coinafrique.com/thumb_5321991_uploaded_image1_1746917494.jpg
Pigeon,30 000CFA,"Thies, Sénégal",https://images.coinafrique.com/thumb_5290537_uploaded_image1_1745182886.jpg
Poule,25 000CFA,"Dakar, Sénégal",https://images.coinafrique.com/thumb_5280953_uploaded_image1_1744629489.jpg
Lapin geant,Prix sur demande,"Keur Massar, Sénégal",https://images.coinafrique.com/thumb_5276799_uploaded_image1_1744362952.jpg
 Barman,12 500CFA,"Mbour, Sénégal",https://images.coinafrique.com/thumb_5276065_uploaded_image1_1744311662.jpg
Pigeon,Prix sur demande,"Dakar, Sénégal",https://images.coinafrique.com/thumb_5274182_uploaded_image1_1744216748.jpg
Pigeons,Prix sur demande,"Dakar, Sénégal",https://images.coinafrique.com/thumb_5274177_uploaded_image1_1744216637.jpg
Pigeons voyageurs,Prix sur demande,"Dakar, Sénégal",https://images.coinafrique.com/thumb_5274172_uploaded_image1_1744216429.jpg
Brahma columbia,Prix sur demande,"Parcelle Assainies, Dakar, Sénégal",https://images.coinafrique.com/thumb_5272290_uploaded_image1_1744128456.jpg
Pigeons de race,Prix sur demande,"Ouakam, Dakar, Sénégal",https://images.coinafrique.com/thumb_5258333_uploaded_image1_1743424345.jpg
Poulet local ,3 500CFA,"Patte d'oie, Dakar, Sénégal",https://images.coinafrique.com/thumb_5252650_uploaded_image1_1743037834.jpg
Pigeon,100 000CFA,"Sicap Liberté, Dakar, Sénégal",https://images.coinafrique.com/thumb_5246700_uploaded_image1_1742737554.jpg
Pigeon Mondain ,150 000CFA,"Guediawaye, Dakar, Sénégal",https://images.coinafrique.com/thumb_5232372_uploaded_image1_1741970489.jpg
Lapin Métis Californien,25 000CFA,"Keur Massar, Sénégal",https://images.coinafrique.com/thumb_5225208_uploaded_image1_1741633076.jpg
Coque Hermine,50 000CFA,"Dakar, Sénégal",https://images.coinafrique.com/thumb_5202384_uploaded_image1_1740482590.jpg
Lapins métis californiens,10 000CFA,"Keur Massar, Sénégal",https://images.coinafrique.com/thumb_5198096_uploaded_image1_1740225080.jpg
Lapin Californien,120 000CFA,"Almadies 2, Dakar, Sénégal",https://images.coinafrique.com/thumb_5189123_uploaded_image1_1739781768.jpg
Pigeon voyageur,5 000CFA,"Dakar Plateau, Dakar, Sénégal",https://images.coinafrique.com/thumb_5180652_uploaded_image1_1739276152.jpg
Poussin herminé ,10 000CFA,"Dakar, Sénégal",https://images.coinafrique.com/thumb_5179009_uploaded_image1_1739192841.jpg
Pigeon Mondain ,150 000CFA,"Guediawaye, Dakar, Sénégal",https://images.coinafrique.com/thumb_5121788_uploaded_image1_1736179154.jpg
Lapin ,12 000CFA,"Diamniadio, Sénégal",https://images.coinafrique.com/thumb_5119498_uploaded_image1_1736025924.jpg
Lapin,12 000CFA,"Diamniadio, Sénégal",https://images.coinafrique.com/thumb_5119494_uploaded_image1_1736025705.jpg
Poussin Herminé ,36 000CFA,"Dakar, Sénégal",https://images.coinafrique.com/thumb_5107651_uploaded_image1_1735215733.jpg
Poussins,Prix sur demande,"Parcelle Assainies, Dakar, Sénégal",https://images.coinafrique.com/thumb_5104370_uploaded_image1_1734964382.jpg
Couple lahore lavande,30 000CFA,"Patte d'oie, Dakar, Sénégal",https://images.coinafrique.com/thumb_5088564_uploaded_image1_1734010113.jpg
Pigeon Mondain,200 000CFA,"Rufisque, Sénégal",https://images.coinafrique.com/thumb_5085521_uploaded_image1_1733851166.jpg
Poussin brahman,25 000CFA,"Pikine, Sénégal",https://images.coinafrique.com/thumb_5080703_uploaded_image1_1733571477.jpg
Mondain noir,150 000CFA,"Guediawaye, Dakar, Sénégal",https://images.coinafrique.com/thumb_5078519_uploaded_image1_1733444790.jpg
couple boulon saxe,45 000CFA,"Mariste, Dakar, Sénégal",https://images.coinafrique.com/thumb_5069958_uploaded_image1_1733056070.jpg
Poule Brahma,45 000CFA,"Pikine, Sénégal",https://images.coinafrique.com/thumb_5044135_uploaded_image1_1731603018.jpg
Couple mantau écailles de 2 mois,15 000CFA,"Mbour, Sénégal",https://images.coinafrique.com/thumb_5043101_uploaded_image1_1731565347.jpg
lapins mâle adulte,15 000CFA,"Pikine, Sénégal",https://images.coinafrique.com/thumb_5000540_uploaded_image1_1729260478.jpg
Rex garenne ,Prix sur demande,"Almadies 2, Dakar, Sénégal",https://images.coinafrique.com/thumb_4998472_uploaded_image1_1729159431.jpg
Pigeon pan indien,10 000CFA,"Patte d'oie, Dakar, Sénégal",https://images.coinafrique.com/thumb_4996843_uploaded_image1_1729085675.jpg
Poule Brahma,Prix sur demande,"Parcelle Assainies, Dakar, Sénégal",https://images.coinafrique.com/thumb_4993341_uploaded_image1_1728920307.jpg
Couple lapins,15 000CFA,"Pikine, Sénégal",https://images.coinafrique.com/thumb_4981240_uploaded_image1_1728309289.jpg
Lapins,15 000CFA,"Grand Yoff, Dakar, Sénégal",https://images.coinafrique.com/thumb_4975768_uploaded_image1_1727986043.jpg
Coq ,3 000CFA,"Hann Bel-Air, Dakar, Sénégal",https://images.coinafrique.com/thumb_4975038_uploaded_image1_1727964716.jpg
Lapin ,15 000CFA,"Keur Massar, Sénégal",https://images.coinafrique.com/thumb_4966470_uploaded_image1_1727557573.jpg
Pigeon voyageur,Prix sur demande,"Mariste, Dakar, Sénégal",https://images.coinafrique.com/thumb_4946879_uploaded_image1_1726499763.jpg
Pigeon voyageur,15 000CFA,"Mariste, Dakar, Sénégal",https://images.coinafrique.com/thumb_4946878_uploaded_image1_1726499637.jpg
Poulets Fermiers,10 000CFA,"Hann Bel-Air, Dakar, Sénégal",https://images.coinafrique.com/thumb_4942161_uploaded_image1_1726204258.jpg
Pigeon voyageur,25 000CFA,"Mariste, Dakar, Sénégal",https://images.coinafrique.com/thumb_4936241_uploaded_image1_1725920934.jpg
Poule Brahma,Prix sur demande,"Dakar, Sénégal",https://images.coinafrique.com/thumb_4936101_uploaded_image1_1725915391.jpg
couples lapins,15 000CFA,"Pikine, Sénégal",https://images.coinafrique.com/thumb_4932369_uploaded_image1_1725702422.jpg
Pigeons Voyageurs  et boulants,Prix sur demande,"Dakar, Sénégal",https://images.coinafrique.com/thumb_4920745_uploaded_image1_1725167512.jpg
pigeon voyageur,Prix sur demande,"Guediawaye, Dakar, Sénégal",https://images.coinafrique.com/thumb_4917441_uploaded_image1_1724967120.jpg
Pigeon Boulant Gaditano,Prix sur demande,"Dakar, Sénégal",https://images.coinafrique.com/thumb_4884507_uploaded_image1_1723139531.jpg
Lapin nain,30 000CFA,"Parcelle Assainies, Dakar, Sénégal",https://images.coinafrique.com/thumb_4865409_uploaded_image1_1722221284.jpg
Cochin Caillouté Et Porteur Caillouté ,Prix sur demande,"Pikine, Sénégal",https://images.coinafrique.com/thumb_4862961_uploaded_image1_1722048205.jpg
Pigeon mondain noir,170 000CFA,"Guediawaye, Dakar, Sénégal",https://images.coinafrique.com/thumb_4862270_uploaded_image1_1722006320.jpg
Pan indien blanc,35 000CFA,"Mermoz-Sacré Coeur, Dakar, Sénégal",https://images.coinafrique.com/thumb_4860862_uploaded_image1_1721930737.jpg
Pigeons  Texan,20 000CFA,"Mermoz-Sacré Coeur, Dakar, Sénégal",https://images.coinafrique.com/thumb_4860848_uploaded_image1_1721930260.jpg
Couple pigeon mondain blanc,70 000CFA,"Mbao, Dakar, Sénégal",https://images.coinafrique.com/thumb_4853197_uploaded_image1_1721514569.jpg
Paires engoura ,Prix sur demande,"Mbao, Dakar, Sénégal",https://images.coinafrique.com/thumb_4841263_uploaded_image1_1720874099.jpg
Jeune Mondain 2024,150 000CFA,"Thiaroye, Sénégal",https://images.coinafrique.com/thumb_4840128_uploaded_image1_1720797760.jpg
Lapereaux métisse Géant et Californien,15 000CFA,"Mbao, Dakar, Sénégal",https://images.coinafrique.com/thumb_4829597_uploaded_image1_1720290196.jpg
Poussin Herminé standard ,Prix sur demande,"Dakar, Sénégal",https://images.coinafrique.com/thumb_4824502_uploaded_image1_1720037338.jpg
Mâle brahman Hierminés,Prix sur demande,"Dakar, Sénégal",https://images.coinafrique.com/thumb_4824501_uploaded_image1_1720037293.jpg
Cochin porteur caillouté paire,120 000CFA,"Mbao, Dakar, Sénégal",https://images.coinafrique.com/thumb_4818681_uploaded_image1_1719796046.jpg
Hermines et cochins,500CFA,"Mermoz-Sacré Coeur, Dakar, Sénégal",https://images.coinafrique.com/thumb_4817873_uploaded_image1_1719747122.jpg
Poulet du pays ,3 500CFA,"Saint Louis, Sénégal",https://images.coinafrique.com/thumb_4807968_uploaded_image1_1719229010.jpg
Poule Brahma,95 000CFA,"Rufisque, Sénégal",https://images.coinafrique.com/thumb_4807398_uploaded_image1_1719187421.jpg
Jeune couple Mondain,Prix sur demande,"Guediawaye, Dakar, Sénégal",https://images.coinafrique.com/thumb_4800310_uploaded_image1_1718745887.jpg
Texan pionnier,Prix sur demande,"Guediawaye, Dakar, Sénégal",https://images.coinafrique.com/thumb_4800306_uploaded_image1_1718745517.jpg
Poulet race ,Prix sur demande,"Keur Massar, Sénégal",https://images.coinafrique.com/thumb_4787594_uploaded_image1_1717954434.jpg
Poulets,2 500CFA,"Dakar, Sénégal",https://images.coinafrique.com/thumb_4767951_uploaded_image1_1716976720.jpg
Couple lapereau fauve de bourgogne ,40 000CFA,"Lac rose, Sénégal",https://images.coinafrique.com/thumb_4751808_uploaded_image1_1716133783.jpg
Poulets de chair,1 500CFA,"Mbao, Dakar, Sénégal",https://images.coinafrique.com/thumb_4696598_uploaded_image1_1713352074.jpg
Poulet,Prix sur demande,"Thies, Sénégal",https://images.coinafrique.com/thumb_4738369_uploaded_image1_1715444473.jpg
Pigeons voyageurs,Prix sur demande,"Dakar, Sénégal",https://images.coinafrique.com/thumb_4729764_uploaded_image1_1715037972.jpg
Poulet Nègre de soie ,35 000CFA,"Almadies, Dakar, Sénégal",https://images.coinafrique.com/thumb_4723223_uploaded_image1_1714727157.jpg
Lapin Angora ,20 000CFA,"Mamelles, Dakar, Sénégal",https://images.coinafrique.com/thumb_4714367_uploaded_image1_1714245668.jpg
Pigeons King mâle,35 000CFA,"Dakar, Sénégal",https://images.coinafrique.com/thumb_4704120_uploaded_image1_1713750109.jpg
Lapereaux,13 500CFA,"Guediawaye, Dakar, Sénégal",https://images.coinafrique.com/thumb_4703012_uploaded_image1_1713680804.jpg
Pigeon Mâle voyageur,Prix sur demande,"Dakar, Sénégal",https://images.coinafrique.com/thumb_4690859_uploaded_image1_1713063647.jpg
Couple Pigeons voyageur,15 000CFA,"Dakar, Sénégal",https://images.coinafrique.com/thumb_4690857_uploaded_image1_1713063525.jpg
Pigeon Mondain écailler,170 000CFA,"Guediawaye, Dakar, Sénégal",https://images.coinafrique.com/thumb_4685152_uploaded_image1_1712756876.jpg
Poulets de chair,Prix sur demande,"Mbour, Sénégal",https://images.coinafrique.com/thumb_4667518_uploaded_image1_1711842967.jpg
Femelle andalou,250 000CFA,"Guediawaye, Dakar, Sénégal",https://images.coinafrique.com/thumb_4667144_uploaded_image1_1711815313.jpg
Pigeon voyageur à manteau,Prix sur demande,"Cambérène, Dakar, Sénégal",https://images.coinafrique.com/thumb_4664901_uploaded_image1_1711663618.jpg
Pigeon Mondain Andalou ,300CFA,"Cambérène, Dakar, Sénégal",https://images.coinafrique.com/thumb_4664895_uploaded_image1_1711663431.jpg
Pigeons ,50 000CFA,"Rufisque, Sénégal",https://images.coinafrique.com/thumb_4662585_uploaded_image1_1711547077.jpg
Pigeon Texan,80 000CFA,"Rufisque, Sénégal",https://images.coinafrique.com/thumb_4653331_uploaded_image1_1711039616.jpg
Pigeons Mondain,225 000CFA,"Rufisque, Sénégal",https://images.coinafrique.com/thumb_4653298_uploaded_image1_1711039158.jpg
Œufs à couver,12 500CFA,"Mbao, Dakar, Sénégal",https://images.coinafrique.com/thumb_4651892_uploaded_image1_1710962341.jpg
Couple  Brahma Herminé standard,80 000CFA,"Mbao, Dakar, Sénégal",https://images.coinafrique.com/thumb_4650066_uploaded_image1_1710871182.jpg
Brahma,25 000CFA,"Dakar, Sénégal",https://images.coinafrique.com/thumb_4644724_uploaded_image1_1710589505.jpg
Pigeon Boulant,Prix sur demande,"Dakar, Sénégal",https://images.coinafrique.com/thumb_4624925_uploaded_image1_1709567352.jpg
Pigeon King,Prix sur demande,"Dakar, Sénégal",https://images.coinafrique.com/thumb_4624920_uploaded_image1_1709567189.jpg
Pigeon voyageur,15 000CFA,"Dakar, Sénégal",https://images.coinafrique.com/thumb_4624891_uploaded_image1_1709566248.jpg
Pigeons ,Prix sur demande,"Almadies 2, Dakar, Sénégal",https://images.coinafrique.com/thumb_4623025_uploaded_image1_1709471989.jpg
Pigeon voyageur Manteau Opale,Prix sur demande,"Guediawaye, Dakar, Sénégal",https://images.coinafrique.com/thumb_4621197_uploaded_image1_1709366454.jpg
Poussin oie,35 000CFA,"Guediawaye, Dakar, Sénégal",https://images.coinafrique.com/thumb_4619799_uploaded_image1_1709296095.jpg
Poulets de chairs,3 500CFA,"Rufisque, Sénégal",https://images.coinafrique.com/thumb_4612683_uploaded_image1_1708957200.jpg
Brahman bleu Lemon,40 000CFA,"Dakar, Sénégal",https://images.coinafrique.com/thumb_4612273_uploaded_image1_1708946489.jpg
Pigeons,Prix sur demande,"Keur Massar, Sénégal",https://images.coinafrique.com/thumb_4612083_uploaded_image1_1708939903.jpg
Poussin Marans,10 000CFA,"Dakar, Sénégal",https://images.coinafrique.com/thumb_4603800_uploaded_image1_1708477906.jpg
Pigeons couple Mondain,170 000CFA,"Guediawaye, Dakar, Sénégal",https://images.coinafrique.com/thumb_4598304_uploaded_image1_1708179510.jpg
Couples lapereaux ,100 000CFA,"Keur Massar, Sénégal",https://images.coinafrique.com/thumb_4587998_uploaded_image1_1707587252.jpg
Pigeon Lahor,20 000CFA,"Rufisque, Sénégal",https://images.coinafrique.com/thumb_4565457_uploaded_image1_1706369680.jpg
Pigeon Modain,160 000CFA,"Grand Yoff, Dakar, Sénégal",https://images.coinafrique.com/thumb_4561395_uploaded_image1_1706128448.jpg
Lapereau ,10 000CFA,"Lac rose, Sénégal",https://images.coinafrique.com/thumb_4556321_uploaded_image1_1705859521.jpg
Poulet de chaire,5 000CFA,"Mbao, Dakar, Sénégal",https://images.coinafrique.com/thumb_4555523_uploaded_image1_1705793143.jpg
Pigeons King ,60 000CFA,"Mariste, Dakar, Sénégal",https://images.coinafrique.com/thumb_4548383_uploaded_image1_1705424797.jpg
Paire pigeon  jeune King,60 000CFA,"Mariste, Dakar, Sénégal",https://images.coinafrique.com/thumb_4545200_uploaded_image1_1705269534.jpg
Pigeons,5 000CFA,"Sicap Liberté, Dakar, Sénégal",https://images.coinafrique.com/thumb_4542217_uploaded_image1_1705082041.jpg
Pigeons,5 000CFA,"Sicap Liberté, Dakar, Sénégal",https://images.coinafrique.com/thumb_4542193_uploaded_image1_1705080975.jpg
Lapin ,35 000CFA,"Mariste, Dakar, Sénégal",https://images.coinafrique.com/thumb_4517612_uploaded_image1_1703770805.jpg
Pigeon,Prix sur demande,"Ouakam, Dakar, Sénégal",https://images.coinafrique.com/thumb_4513662_uploaded_image2_1703531881.jpeg
Lapin ,Prix sur demande,"Mariste, Dakar, Sénégal",https://images.coinafrique.com/thumb_4513225_uploaded_image1_1703497424.jpg
Lapin fauve male,80 000CFA,"Mariste, Dakar, Sénégal",https://images.coinafrique.com/thumb_4512680_uploaded_image1_1703431761.jpg
Couple lapin,Prix sur demande,"Dakar, Sénégal",https://images.coinafrique.com/thumb_4509856_uploaded_image1_1703213564.jpg
Poulet de chair,3 500CFA,"Dakar, Sénégal",https://images.coinafrique.com/thumb_4509252_uploaded_image1_1703175319.jpg
Couple lapereau,40 000CFA,"Dakar, Sénégal",https://images.coinafrique.com/thumb_4505997_uploaded_image1_1702997024.jpg
Couple lapin français,40 000CFA,"Dakar, Sénégal",https://images.coinafrique.com/thumb_4505989_uploaded_image1_1702996795.jpg
Lapin ,Prix sur demande,"Yoff, Dakar, Sénégal",https://images.coinafrique.com/thumb_4490937_uploaded_image1_1702037014.jpg
Lapin Angora male ,8 000CFA,"Diamniadio, Sénégal",https://images.coinafrique.com/thumb_4473413_uploaded_image1_1701020741.jpg
Lapin Angora male ,18 000CFA,"Diamniadio, Sénégal",https://images.coinafrique.com/thumb_4473399_uploaded_image1_1701019994.jpg
Pigeon King Blanc,75 000CFA,"Mbour, Sénégal",https://images.coinafrique.com/thumb_4471585_uploaded_image1_1700864393.jpg
Pigeon Lahor ,40 000CFA,"Mbour, Sénégal",https://images.coinafrique.com/thumb_4471579_uploaded_image1_1700864120.jpg
Femelle lapin demi sang + cage,40 000CFA,"Guediawaye, Dakar, Sénégal",https://images.coinafrique.com/thumb_4464349_uploaded_image1_1700417993.jpg
Lapin ,Prix sur demande,"Keur Massar, Sénégal",https://images.coinafrique.com/thumb_4453957_uploaded_image1_1699727543.jpg
Coqs,Prix sur demande,"Ouakam, Dakar, Sénégal",https://images.coinafrique.com/thumb_4444985_uploaded_image1_1699208691.jpg
Lapin,Prix sur demande,"Niaga, Sénégal",https://images.coinafrique.com/thumb_4435893_uploaded_image1_1698681315.jpg
Lapins,Prix sur demande,"Rufisque, Sénégal",https://images.coinafrique.com/thumb_4434579_uploaded_image1_1698581736.jpg
Lapereau ,10 000CFA,"Niaga, Sénégal",https://images.coinafrique.com/thumb_4433087_uploaded_image1_1698427048.jpg
Lapereau,10 000CFA,"Niaga, Sénégal",https://images.coinafrique.com/thumb_4425850_uploaded_image1_1697991508.jpg
Cochons d'Inde,15 000CFA,"Keur Massar, Sénégal",https://images.coinafrique.com/thumb_4425812_uploaded_image1_1697988348.jpg
Pigeons voyageur de compétition ,15 000CFA,"Grand Yoff, Dakar, Sénégal",https://images.coinafrique.com/thumb_4418928_uploaded_image1_1697461664.jpg
Pigeons ,3 000CFA,"Grand Yoff, Dakar, Sénégal",https://images.coinafrique.com/thumb_4418917_uploaded_image1_1697461219.jpg
Pigeon voyageur,5 000CFA,"Grand Yoff, Dakar, Sénégal",https://images.coinafrique.com/thumb_4418908_uploaded_image1_1697461394.jpg
Pigeon,2 000CFA,"Grand Yoff, Dakar, Sénégal",https://images.coinafrique.com/thumb_4418898_uploaded_image1_1697460446.jpg
Lapin ,35 000CFA,"Mbao, Dakar, Sénégal",https://images.coinafrique.com/thumb_4408360_uploaded_image1_1696785290.jpg
Pigeon voyageur,8 000CFA,"Rufisque, Sénégal",https://images.coinafrique.com/thumb_4406776_uploaded_image1_1696680924.jpg
Pigeon voyageur,8 000CFA,"Rufisque, Sénégal",https://images.coinafrique.com/thumb_4406771_uploaded_image1_1696680728.jpg
Poussins,26 500CFA,"Pikine, Sénégal",https://images.coinafrique.com/thumb_4399877_uploaded_image1_1696286458.jpg
Poule Brahma,25 000CFA,"Medina, Dakar, Sénégal",https://images.coinafrique.com/thumb_4389249_uploaded_image1_1695564020.jpg
Lapins,20 000CFA,"Niaga, Sénégal",https://images.coinafrique.com/thumb_4384422_uploaded_image1_1695232906.jpg
Lapereau ,10 000CFA,"Parcelle Assainies, Dakar, Sénégal",https://images.coinafrique.com/thumb_4381621_uploaded_image1_1695057585.jpg
Pigeons Culbutant français,50 000CFA,"Dakar, Sénégal",https://images.coinafrique.com/thumb_4378163_uploaded_image1_1694787558.jpg
Poule Brahman herminé,Prix sur demande,"Keur Massar, Sénégal",https://images.coinafrique.com/thumb_4369295_uploaded_image1_1694214443.jpg
Lapin,10 000CFA,"Parcelle Assainies, Dakar, Sénégal",https://images.coinafrique.com/thumb_4368816_uploaded_image1_1694188598.jpg
Pigeons de race,350 000CFA,"Cambérène, Dakar, Sénégal",https://images.coinafrique.com/thumb_4368566_uploaded_image1_1694179237.jpg
Lapin,Prix sur demande,"Niaga, Sénégal",https://images.coinafrique.com/thumb_4359251_uploaded_image1_1693583547.jpg
Lapin   Papillon,90 000CFA,"Rufisque, Sénégal",https://images.coinafrique.com/thumb_4347215_uploaded_image1_1692800912.jpg
Lapin,Prix sur demande,"Niaga, Sénégal",https://images.coinafrique.com/thumb_4337665_uploaded_image1_1692197761.jpg
Lapin,Prix sur demande,"Niaga, Sénégal",https://images.coinafrique.com/thumb_4337664_uploaded_image2_1692903389.jpeg
Lapins,Prix sur demande,"Niaga, Sénégal",https://images.coinafrique.com/thumb_4336471_uploaded_image1_1692120444.jpg
Lapereaux ,10 000CFA,"Niaga, Sénégal",https://images.coinafrique.com/thumb_4333705_uploaded_image1_1691943760.jpg
Lapereaux,Prix sur demande,"Niaga, Sénégal",https://images.coinafrique.com/thumb_4324644_uploaded_image1_1691345949.jpg
Poussins de chair,Prix sur demande,"Dakar, Sénégal",https://images.coinafrique.com/thumb_4323837_uploaded_image1_1691274033.jpg
Lapin,40 000CFA,"Niaga, Sénégal",https://images.coinafrique.com/thumb_4312499_uploaded_image1_1690566200.jpg
Poules,Prix sur demande,"Thies, Sénégal",https://images.coinafrique.com/thumb_4302571_uploaded_image1_1689893299.jpg
Lapin,Prix sur demande,"Niaga, Sénégal",https://images.coinafrique.com/thumb_4302356_uploaded_image1_1689878968.jpg
Lapin,15 000CFA,"Ouakam, Dakar, Sénégal",https://images.coinafrique.com/thumb_4298076_uploaded_image1_1689619080.jpg
Lapin,80 000CFA,"Dakar, Sénégal",https://images.coinafrique.com/thumb_4296184_uploaded_image1_1689472721.jpg
Poussins Brahmanes ,30 000CFA,"Rufisque, Sénégal",https://images.coinafrique.com/thumb_4290482_uploaded_image1_1689101216.jpg
Lapin nain Loutre ,30 000CFA,"Ouakam, Dakar, Sénégal",https://images.coinafrique.com/thumb_4289564_uploaded_image1_1689066044.jpg
Poulets  bleu Holland ,6 000CFA,"Rufisque, Sénégal",https://images.coinafrique.com/thumb_4287658_uploaded_image1_1688923156.jpg
Pigeons,Prix sur demande,"Dakar, Sénégal",https://images.coinafrique.com/thumb_4287413_uploaded_image1_1688907084.jpg
Lapins,Prix sur demande,"Dakar, Sénégal",https://images.coinafrique.com/thumb_4287411_uploaded_image1_1688907003.jpg
Pigeon Messager,25 000CFA,"Rufisque, Sénégal",https://images.coinafrique.com/thumb_4286623_uploaded_image1_1688830929.jpg
Poulets de chair,4 000CFA,"Keur Massar, Sénégal",https://images.coinafrique.com/thumb_4283570_uploaded_image1_1688648209.jpg
Pigeon Boulan,15 000CFA,"Louga, Sénégal",https://images.coinafrique.com/thumb_4277905_uploaded_image1_1688318584.jpg
Pigeon Boulan,45 000CFA,"Louga, Sénégal",https://images.coinafrique.com/thumb_4277890_uploaded_image1_1688316619.jpg
Lapereaux,10 000CFA,"Niaga, Sénégal",https://images.coinafrique.com/thumb_4268955_uploaded_image1_1687603560.jpg
Lapin,30 000CFA,"Niaga, Sénégal",https://images.coinafrique.com/thumb_4268327_uploaded_image1_1687541319.jpg
Poule Bleu Hollandais,7 000CFA,"Mbao, Dakar, Sénégal",https://images.coinafrique.com/thumb_4224766_uploaded_image3_1684691526.jpeg
Poussins cochin,7 500CFA,"Pikine, Sénégal",https://images.coinafrique.com/thumb_4255246_uploaded_image1_1686680990.jpg
Lapines ,Prix sur demande,"Niaga, Sénégal",https://images.coinafrique.com/thumb_4249408_uploaded_image1_1686311889.jpg
Lapin californien   ,Prix sur demande,"Saly, Sénégal",https://images.coinafrique.com/thumb_4248635_uploaded_image1_1686257041.jpg
Lapereaux ,45 000CFA,"Mariste, Dakar, Sénégal",https://images.coinafrique.com/thumb_4244917_uploaded_image1_1686063555.jpg
Poussins Brahmans,30 000CFA,"Keur Massar, Sénégal",https://images.coinafrique.com/thumb_4243414_uploaded_image1_1685971475.jpg
Pigeons Mondains,50 000CFA,"Dakar, Sénégal",https://images.coinafrique.com/thumb_4240446_uploaded_image1_1685727771.jpg
Lapine ,Prix sur demande,"Niaga, Sénégal",https://images.coinafrique.com/thumb_4235319_uploaded_image1_1685440928.jpg
Lapin Gris de Touraine,35 000CFA,"Dakar, Sénégal",https://images.coinafrique.com/thumb_4230722_uploaded_image1_1685059185.jpg
Pigeon mondain brun ,500 000CFA,"Dakar, Sénégal",https://images.coinafrique.com/thumb_4230459_uploaded_image1_1685044108.jpg
Pigeon Tambour Allemand ,50 000CFA,"Dakar, Sénégal",https://images.coinafrique.com/thumb_4223933_uploaded_image1_1684609709.jpg
Pigeon voyageur,7 000CFA,"Ouakam, Dakar, Sénégal",https://images.coinafrique.com/thumb_4222723_uploaded_image1_1684515810.jpg
Pigeon voyageur,7 000CFA,"Ouakam, Dakar, Sénégal",https://images.coinafrique.com/thumb_4222721_uploaded_image1_1684515659.jpg
Poussins de chair - bleu hollandais ,Prix sur demande,"Dakar, Sénégal",https://images.coinafrique.com/thumb_4221943_uploaded_image2_1684477934.jpeg
Coq cochin  ,45 000CFA,"Yoff, Dakar, Sénégal",https://images.coinafrique.com/thumb_4218824_uploaded_image1_1684270289.jpg
Poulets brahman herminés ,135 000CFA,"Dakar, Sénégal",https://images.coinafrique.com/thumb_4212808_uploaded_image1_1683879589.jpg
Couple lapins,Prix sur demande,"Mbao, Dakar, Sénégal",https://images.coinafrique.com/thumb_4208070_uploaded_image1_1683583031.jpg
Lapin géant,50 000CFA,"Niaga, Sénégal",https://images.coinafrique.com/thumb_4207913_uploaded_image1_1683574221.jpg
Cailleteaux,250CFA,"Thies, Sénégal",https://images.coinafrique.com/thumb_4205412_uploaded_image1_1683385484.jpg
Pigeons manteau opale,6 000CFA,"Mariste, Dakar, Sénégal",https://images.coinafrique.com/thumb_4202860_uploaded_image1_1683234964.jpg
Pigeon,20 000CFA,"Gueule Tapée, Dakar, Sénégal",https://images.coinafrique.com/thumb_4198961_uploaded_image1_1683046102.jpg
Lapereau ,15 000CFA,"Mariste, Dakar, Sénégal",https://images.coinafrique.com/thumb_4195833_uploaded_image3_1682867699.jpeg
Lapin metisage,Prix sur demande,"Mariste, Dakar, Sénégal",https://images.coinafrique.com/thumb_4194884_uploaded_image1_1682776235.jpg
Pigeon Texan,70 000CFA,"Mbour, Sénégal",https://images.coinafrique.com/thumb_4193114_uploaded_image1_1682634328.jpg
Pigeon Padda de java,20 000CFA,"Point E, Dakar, Sénégal",https://images.coinafrique.com/thumb_4191356_uploaded_image1_1682522033.jpg
Pigeon Boulant de poméranie,20 000CFA,"Mariste, Dakar, Sénégal",https://images.coinafrique.com/thumb_4178981_uploaded_image1_1681650331.jpg
Pigeon Boulant de poméranie,13 000CFA,"Mariste, Dakar, Sénégal",https://images.coinafrique.com/thumb_4178980_uploaded_image1_1681650252.jpg
Pigeons Lahore,15 000CFA,"Dakar, Sénégal",https://images.coinafrique.com/thumb_4177942_uploaded_image1_1681563067.jpg
Poulet de chair,3 500CFA,"Cambérène, Dakar, Sénégal",https://images.coinafrique.com/thumb_4172814_uploaded_image1_1681236734.jpg
Poule hollandais ,8 000CFA,"Touba, Sénégal",https://images.coinafrique.com/thumb_4170233_uploaded_image2_1681079258.jpeg
Pigeons,150 000CFA,"Thies, Sénégal",https://images.coinafrique.com/thumb_4167601_uploaded_image1_1680885984.jpg
Pigeons voyageurs ,15 000CFA,"Thies, Sénégal",https://images.coinafrique.com/thumb_4167567_uploaded_image1_1680885294.jpg
Pigeons voyageurs  manteau ,15 000CFA,"Thies, Sénégal",https://images.coinafrique.com/thumb_4167562_uploaded_image1_1680885216.jpg
Pigeons frisés milanais,200 000CFA,"Cambérène, Dakar, Sénégal",https://images.coinafrique.com/thumb_4165971_uploaded_image1_1680795516.jpg
Couple pigeon,10 000CFA,"Mariste, Dakar, Sénégal",https://images.coinafrique.com/thumb_4159080_uploaded_image1_1680434202.jpg
Pigeons,Prix sur demande,"Thies, Sénégal",https://images.coinafrique.com/thumb_4158780_uploaded_image1_1680397009.jpg
Pigeons paons indiens,35 000CFA,"Mariste, Dakar, Sénégal",https://images.coinafrique.com/thumb_4155195_uploaded_image1_1680182497.jpg
Poussins Inde,4 000CFA,"Thies, Sénégal",https://images.coinafrique.com/thumb_4148722_uploaded_image1_1679757295.jpg
Lapereaux,10 000CFA,"Niaga, Sénégal",https://images.coinafrique.com/thumb_4145983_uploaded_image1_1679578952.jpg
Lapereau géant fauve,25 000CFA,"Niaga, Sénégal",https://images.coinafrique.com/thumb_4134335_uploaded_image1_1678820167.jpg
Pigeons texans,15 000CFA,"Cambérène, Dakar, Sénégal",https://images.coinafrique.com/thumb_4134077_uploaded_image1_1678808506.jpg
 Pigeon  Paon Indien,55 000CFA,"Mariste, Dakar, Sénégal",https://images.coinafrique.com/thumb_4133025_uploaded_image1_1678744597.jpg
Pigeons Diamant Mandarin  ,30 000CFA,"Point E, Dakar, Sénégal",https://images.coinafrique.com/thumb_4130101_uploaded_image1_1678546170.jpg
Lapin,15 000CFA,"Niaga, Sénégal",https://images.coinafrique.com/thumb_4125350_uploaded_image1_1678282298.jpg
Lapereaux ,10 000CFA,"Niaga, Sénégal",https://images.coinafrique.com/thumb_4123300_uploaded_image1_1678175207.jpg
Coq Brahman ,70 000CFA,"Mbao, Dakar, Sénégal",https://images.coinafrique.com/thumb_4119858_uploaded_image1_1677937311.jpg
Pigeon  Mondains ,100 000CFA,"Cambérène, Dakar, Sénégal",https://images.coinafrique.com/thumb_4111710_uploaded_image1_1677517472.jpg
Pigeons  voyageurs à manteau,50 000CFA,"Cambérène, Dakar, Sénégal",https://images.coinafrique.com/thumb_4111707_uploaded_image1_1677517375.jpg
Coq  Brahman ,43 000CFA,"Mbao, Dakar, Sénégal",https://images.coinafrique.com/thumb_4107161_uploaded_image1_1677172109.jpg
Poulet  ,5 000CFA,"Dakar, Sénégal",https://images.coinafrique.com/thumb_4099353_uploaded_image1_1676660089.jpg
Poulet ,5 000CFA,"Dakar, Sénégal",https://images.coinafrique.com/thumb_4099352_uploaded_image1_1676659955.jpg
Poussins cou nu ,2 500CFA,"Mbao, Dakar, Sénégal",https://images.coinafrique.com/thumb_4098076_uploaded_image1_1676582659.jpg
Lapin papillon,30 000CFA,"Dakar, Sénégal",https://images.coinafrique.com/thumb_4097932_uploaded_image1_1676574876.jpg
Lapin femelle Angora,20 000CFA,"Niaga, Sénégal",https://images.coinafrique.com/thumb_4088341_uploaded_image1_1675964415.jpg
Lapin,15 000CFA,"Rufisque, Sénégal",https://images.coinafrique.com/thumb_4069804_uploaded_image1_1675001928.jpg
Lapin Angora,25 000CFA,"Niaga, Sénégal",https://images.coinafrique.com/thumb_4062470_uploaded_image1_1674512420.jpg
Lapin nain tête de lion,25 000CFA,"Mermoz-Sacré Coeur, Dakar, Sénégal",https://images.coinafrique.com/thumb_4060697_uploaded_image1_1674397870.jpg
Poules pondeuses,Prix sur demande,"Thies, Sénégal",https://images.coinafrique.com/thumb_4055238_uploaded_image2_1674047643.jpeg
Lapereau Angora,10 000CFA,"Niaga, Sénégal",https://images.coinafrique.com/thumb_4054751_uploaded_image1_1674032700.jpg
Lapereaux,20 000CFA,"Mariste, Dakar, Sénégal",https://images.coinafrique.com/thumb_4052032_uploaded_image1_1673874541.jpg
Coq Chochin,95 000CFA,"Parcelle Assainies, Dakar, Sénégal",https://images.coinafrique.com/thumb_4050293_uploaded_image1_1673730559.jpg
Couple   Braman Cochin,95 000CFA,"Parcelle Assainies, Dakar, Sénégal",https://images.coinafrique.com/thumb_4050206_uploaded_image1_1673726092.jpg
Poulet Braman cochin,950 000CFA,"Parcelle Assainies, Dakar, Sénégal",https://images.coinafrique.com/thumb_4050193_uploaded_image1_1673725687.jpg
Poulets de chairs,4 000CFA,"Ziguinchor, Sénégal",https://images.coinafrique.com/thumb_4044027_uploaded_image1_1673388793.jpg
Poussins de chair,35 000CFA,"Dakar, Sénégal",https://images.coinafrique.com/thumb_4041126_uploaded_image1_1673258391.jpg
Couple angoura,30 000CFA,"Cambérène, Dakar, Sénégal",https://images.coinafrique.com/thumb_4036533_uploaded_image1_1672950565.jpg
Couple pigeons voyageurs,12 000CFA,"Cambérène, Dakar, Sénégal",https://images.coinafrique.com/thumb_4034954_uploaded_image1_1672875776.jpg
Couple voyageur blanc,15 000CFA,"Cambérène, Dakar, Sénégal",https://images.coinafrique.com/thumb_4034942_uploaded_image1_1672874900.jpg
Perruches anglaise - couple,50 000CFA,"Dieuppeul-Derklé, Dakar, Sénégal",https://images.coinafrique.com/thumb_4033120_uploaded_image1_1672788351.jpg
Perruche ondulée,20 000CFA,"Dakar, Sénégal",https://images.coinafrique.com/thumb_4033032_uploaded_image1_1672783609.jpg
Coq Cochin ,50 000CFA,"Dakar, Sénégal",https://images.coinafrique.com/thumb_4030997_uploaded_image1_1672682387.jpg
Coq cochin ,50 000CFA,"Dakar, Sénégal",https://images.coinafrique.com/thumb_4030993_uploaded_image1_1672682272.jpg
Poulet de chair,3 500CFA,"Rufisque, Sénégal",https://images.coinafrique.com/thumb_4028864_uploaded_image2_1672481470.jpeg
Poulets de chair,3 000CFA,"Dakar, Sénégal",https://images.coinafrique.com/thumb_4021629_uploaded_image1_1671880183.jpg
Couple texan,40 000CFA,"Thies, Sénégal",https://images.coinafrique.com/thumb_4021335_uploaded_image1_1671837753.jpg
Couple mondain ,90 000CFA,"Thies, Sénégal",https://images.coinafrique.com/thumb_4021333_uploaded_image1_1671837659.jpg
Couple pigeons,14 000CFA,"Mariste, Dakar, Sénégal",https://images.coinafrique.com/thumb_4019501_uploaded_image1_1671719532.jpg
Pigeon,50 000CFA,"Kaolack, Sénégal",https://images.coinafrique.com/thumb_4013190_uploaded_image1_1671298740.jpg
Lapins,30 000CFA,"Touba, Sénégal",https://images.coinafrique.com/thumb_4012180_uploaded_image1_1671225603.jpg
Poules,35 000CFA,"Touba, Sénégal",https://images.coinafrique.com/thumb_4012177_uploaded_image3_1671225532.jpeg
Pigeons,12 000CFA,"Mbour, Sénégal",https://images.coinafrique.com/thumb_4009110_uploaded_image1_1671058199.jpg
Couple Brahma,Prix sur demande,"Yoff, Dakar, Sénégal",https://images.coinafrique.com/thumb_4005445_uploaded_image1_1670854767.jpg
Pigeon français,25 000CFA,"Sicap Liberté, Dakar, Sénégal",https://images.coinafrique.com/thumb_3999035_uploaded_image1_1670454354.jpg
Coq mal cochain,65 000CFA,"Mbour, Sénégal",https://images.coinafrique.com/thumb_3990507_uploaded_image1_1669994795.jpg
Pigeons,80 000CFA,"Cambérène, Dakar, Sénégal",https://images.coinafrique.com/thumb_3989311_uploaded_image1_1669935034.jpg
Pigeon Mondain,85 000CFA,"Mbour, Sénégal",https://images.coinafrique.com/thumb_3986519_uploaded_image1_1669815997.jpg
Mâle Brahma,20 000CFA,"Parcelle Assainies, Dakar, Sénégal",https://images.coinafrique.com/thumb_3983729_uploaded_image1_1669650251.jpg
Poussin bleu holande,30 000CFA,"Dakar, Sénégal",https://images.coinafrique.com/thumb_3981130_uploaded_image1_1669460038.jpg
Poussin dinde chair ,3 000CFA,"Dakar, Sénégal",https://images.coinafrique.com/thumb_3981127_uploaded_image1_1669459933.jpg
Pigeons Pan Indien ,30 000CFA,"Mbao, Dakar, Sénégal",https://images.coinafrique.com/thumb_3958692_uploaded_image1_1668044083.jpg
Poussins,30 000CFA,"Touba, Sénégal",https://images.coinafrique.com/thumb_3956250_uploaded_image1_1667916487.jpg
Coq choie & bramane,50 000CFA,"Tambacounda, Sénégal",https://images.coinafrique.com/thumb_3956033_uploaded_image1_1667909977.jpg
Paire Brahma,80 000CFA,"Dakar, Sénégal",https://images.coinafrique.com/thumb_3941235_uploaded_image1_1667077382.jpg
Lapin  ,25 000CFA,"Hann Bel-Air, Dakar, Sénégal",https://images.coinafrique.com/thumb_3937288_uploaded_image1_1666813728.jpg
Lapin male Fauve,65 000CFA,"Mbour, Sénégal",https://images.coinafrique.com/thumb_3934536_uploaded_image1_1666646311.jpg
Pigeons  ,Prix sur demande,"Dakar, Sénégal",https://images.coinafrique.com/thumb_3916214_uploaded_image1_1665526226.jpg
Lapin mâle engoura,20 000CFA,"Hann Bel-Air, Dakar, Sénégal",https://images.coinafrique.com/thumb_3911550_uploaded_image1_1665233894.jpg
Pigeon,10 000CFA,"Hann Bel-Air, Dakar, Sénégal",https://images.coinafrique.com/thumb_3911548_uploaded_image1_1665233800.jpg
Poussins de caille,500CFA,"Keur Massar, Sénégal",https://images.coinafrique.com/thumb_3882380_uploaded_image1_1663498641.jpg
Bleues d’Hollandes,15 000CFA,"Mbao, Dakar, Sénégal",https://images.coinafrique.com/thumb_3879030_uploaded_image1_1663241521.jpg
Poussins Bleues Hollandaises,1 500CFA,"Mbao, Dakar, Sénégal",https://images.coinafrique.com/thumb_3879015_uploaded_image1_1663241115.jpg
Poulet chair,4 000CFA,"Guediawaye, Dakar, Sénégal",https://images.coinafrique.com/thumb_3869035_uploaded_image1_1662638536.jpg
Brahmans Herminé et Cochins,Prix sur demande,"Keur Massar, Sénégal",https://images.coinafrique.com/thumb_3868279_uploaded_image1_1662589600.jpg
Poussin pintade,1 500CFA,"Parcelle Assainies, Dakar, Sénégal",https://images.coinafrique.com/thumb_3859176_uploaded_image1_1662124807.jpg
Pigeon   ,3 000CFA,"Grand Yoff, Dakar, Sénégal",https://images.coinafrique.com/thumb_3856165_uploaded_image1_1662024131.jpg
Pigeon voyageur ,7 000CFA,"Grand Yoff, Dakar, Sénégal",https://images.coinafrique.com/thumb_3856160_uploaded_image1_1662023975.jpg
Diamant Mandarin Huppé ,Prix sur demande,"Point E, Dakar, Sénégal",https://images.coinafrique.com/thumb_3841798_uploaded_image1_1661198573.jpg
Pigeons voyageurs,2 000CFA,"Dakar Plateau, Dakar, Sénégal",https://images.coinafrique.com/thumb_3829942_uploaded_image1_1660489290.jpg
Poulets ,Prix sur demande,"Niaga, Sénégal",https://images.coinafrique.com/thumb_3820532_uploaded_image1_1659963344.jpg
Poulet de chair,3 000CFA,"Mariste, Dakar, Sénégal",https://images.coinafrique.com/thumb_3820323_uploaded_image1_1659956851.jpg
Pigeons portugais espagnols,20 000CFA,"Dakar, Sénégal",https://images.coinafrique.com/thumb_3818868_uploaded_image1_1659851735.jpg
Pigeons espagnols,10 000CFA,"Dakar, Sénégal",https://images.coinafrique.com/thumb_3818867_uploaded_image1_1659851278.jpg
Poulets ,Prix sur demande,"Niaga, Sénégal",https://images.coinafrique.com/thumb_3818707_uploaded_image1_1659828045.jpg
Pigeon Opal,Prix sur demande,"Saly, Sénégal",https://images.coinafrique.com/thumb_3817370_uploaded_image1_1659739915.jpg
Poulet de chair,3 000CFA,"HLM, Dakar, Sénégal",https://images.coinafrique.com/thumb_3812639_uploaded_image1_1659524524.jpg
Poulets,3 500CFA,"Dakar, Sénégal",https://images.coinafrique.com/thumb_3809817_uploaded_image1_1659394489.jpg
Femelle herminé pur sang,45 000CFA,"Dakar, Sénégal",https://images.coinafrique.com/thumb_3807013_uploaded_image1_1659264761.jpg
Poule Brahman,60 000CFA,"Dakar, Sénégal",https://images.coinafrique.com/thumb_3803369_uploaded_image1_1659011427.jpg
Poule Brahma,110 000CFA,"Dakar, Sénégal",https://images.coinafrique.com/thumb_3803358_uploaded_image2_1659010838.jpeg
Femelles Manteau Opal ,35 000CFA,"Cambérène, Dakar, Sénégal",https://images.coinafrique.com/thumb_3802372_uploaded_image1_1658943727.jpg
Poules ,2 800CFA,"Dakar, Sénégal",https://images.coinafrique.com/thumb_3799302_uploaded_image1_1658780673.jpg
Lapin nain,60 000CFA,"Dakar Plateau, Dakar, Sénégal",https://images.coinafrique.com/thumb_3795801_uploaded_image1_1658525928.jpg
Poulet d'ornement,Prix sur demande,"Rufisque, Sénégal",https://images.coinafrique.com/thumb_3795149_uploaded_image1_1658494666.jpg
Poulets frais,3 500CFA,"HLM, Dakar, Sénégal",https://images.coinafrique.com/thumb_3749412_uploaded_image1_1655656513.jpg
Poulets Hollande ,6 000CFA,"Parcelle Assainies, Dakar, Sénégal",https://images.coinafrique.com/thumb_3788366_uploaded_image1_1658082013.jpg
Couple lapin nain,60 000CFA,"Dakar, Sénégal",https://images.coinafrique.com/thumb_3779800_uploaded_image1_1657474190.jpg
Lapins,15 000CFA,"Diamniadio, Sénégal",https://images.coinafrique.com/thumb_3778360_uploaded_image1_1657315361.jpg
Lapin,20 000CFA,"Keur Massar, Sénégal",https://images.coinafrique.com/thumb_3762877_uploaded_image1_1656485681.jpg
Lapins nain,30 000CFA,"Parcelle Assainies, Dakar, Sénégal",https://images.coinafrique.com/thumb_3756850_uploaded_image1_1656080564.jpg
Poussins chair,28 000CFA,"Yoff, Dakar, Sénégal",https://images.coinafrique.com/thumb_3756839_uploaded_image1_1656080074.jpg
Pigeons voyageurs,Prix sur demande,"Rufisque, Sénégal",https://images.coinafrique.com/thumb_3726420_uploaded_image1_1654342685.jpg
Coq Brahmane ,45 000CFA,"Louga, Sénégal",https://images.coinafrique.com/thumb_3725108_uploaded_image1_1654262429.jpg
Poulet de chair ,2 500CFA,"Niaga, Sénégal",https://images.coinafrique.com/thumb_3719067_uploaded_image1_1654006894.jpg
Poussins,Prix sur demande,"Diamniadio, Sénégal",https://images.coinafrique.com/thumb_3717493_uploaded_image1_1653911809.jpg
Poussins,27 500CFA,"Rufisque, Sénégal",https://images.coinafrique.com/thumb_3713086_uploaded_image1_1653586071.jpg
Poussins 1 jour,25 000CFA,"Keur Massar, Sénégal",https://images.coinafrique.com/thumb_3712620_uploaded_image1_1653566057.jpg
Poule,Prix sur demande,"Parcelle Assainies, Dakar, Sénégal",https://images.coinafrique.com/thumb_3707531_uploaded_image1_1653273003.jpg
Coq Brahma,50 000CFA,"Rufisque, Sénégal",https://images.coinafrique.com/thumb_3701284_uploaded_image1_1652878050.jpg
Poule Brahmâ ,20 000CFA,"Rufisque, Sénégal",https://images.coinafrique.com/thumb_3701283_uploaded_image1_1652877907.jpg
Pigeons,Prix sur demande,"Niaga, Sénégal",https://images.coinafrique.com/thumb_3694574_uploaded_image1_1652451578.jpg
Pigeons,Prix sur demande,"Cambérène, Dakar, Sénégal",https://images.coinafrique.com/thumb_3689928_uploaded_image1_1652202348.jpg
Lapin couple,65 000CFA,"Dakar Plateau, Dakar, Sénégal",https://images.coinafrique.com/thumb_3680760_uploaded_image1_1651680730.jpg
Poule couple brahman,50 000CFA,"Saint Louis, Sénégal",https://images.coinafrique.com/thumb_3680687_uploaded_image1_1651677884.jpg
Poussin,Prix sur demande,"Parcelle Assainies, Dakar, Sénégal",https://images.coinafrique.com/thumb_3679061_uploaded_image1_1651594437.jpg
Couple poules Bantam ,80 000CFA,"Guediawaye, Dakar, Sénégal",https://images.coinafrique.com/thumb_3678837_uploaded_image1_1651584122.jpg
Pigeons,50 000CFA,"Cambérène, Dakar, Sénégal",https://images.coinafrique.com/thumb_3675341_uploaded_image1_1651328468.jpg
Coq Brahma Perdrix,35 000CFA,"Mboro, Sénégal",https://images.coinafrique.com/thumb_3671744_uploaded_image1_1651068700.jpg
Cochin femelle frisé,40 000CFA,"Mboro, Sénégal",https://images.coinafrique.com/thumb_3671735_uploaded_image1_1651068448.jpg
Pigeon dragon,20 000CFA,"Mariste, Dakar, Sénégal",https://images.coinafrique.com/thumb_3671452_uploaded_image1_1651059347.jpg
Pigeons,Prix sur demande,"Rufisque, Sénégal",https://images.coinafrique.com/thumb_3669432_uploaded_image1_1650934782.jpg
Lapereaux ,30 000CFA,"Mbao, Dakar, Sénégal",https://images.coinafrique.com/thumb_3665205_uploaded_image1_1650639265.jpg
Eclosion - 16000 poussins,Prix sur demande,"Dakar, Sénégal",https://images.coinafrique.com/thumb_3664153_uploaded_image1_1650570771.jpg
Poule,Prix sur demande,"Parcelle Assainies, Dakar, Sénégal",https://images.coinafrique.com/thumb_3663076_uploaded_image1_1650514068.jpg
Pigeons,Prix sur demande,"Mbour, Sénégal",https://images.coinafrique.com/thumb_3659941_uploaded_image1_1650357667.jpg
Pigeon ,Prix sur demande,"Mbour, Sénégal",https://images.coinafrique.com/thumb_3659931_uploaded_image1_1650357026.jpg
Pigeon voyageur,Prix sur demande,"Mbour, Sénégal",https://images.coinafrique.com/thumb_3659922_uploaded_image1_1650356719.jpg
Poussins ,Prix sur demande,"Parcelle Assainies, Dakar, Sénégal",https://images.coinafrique.com/thumb_3658331_uploaded_image1_1650244788.jpg
Lapins,15 000CFA,"Hann Bel-Air, Dakar, Sénégal",https://images.coinafrique.com/thumb_3624677_uploaded_image1_1648325393.jpg
Oiseaux,80 000CFA,"Yoff, Dakar, Sénégal",https://images.coinafrique.com/thumb_3620766_uploaded_image1_1648057839.jpg
Pigeons,Prix sur demande,"Bambey, Sénégal",https://images.coinafrique.com/thumb_3610036_uploaded_image1_1647364331.jpg
Pigeon femelle texan,25 000CFA,"Dakar, Sénégal",https://images.coinafrique.com/thumb_3606040_uploaded_image1_1647113482.jpg
Trio poussins Brahma,20 000CFA,"Rufisque, Sénégal",https://images.coinafrique.com/thumb_3599688_uploaded_image1_1646764114.jpg
Couple poussins brahma ,20 000CFA,"Mbour, Sénégal",https://images.coinafrique.com/thumb_3595177_uploaded_image1_1646493730.jpg
Lapins nains,30 000CFA,"Parcelle Assainies, Dakar, Sénégal",https://images.coinafrique.com/thumb_3594110_uploaded_image1_1646425965.jpg
Coq Cochin ,80 000CFA,"Dakar, Sénégal",https://images.coinafrique.com/thumb_3589893_uploaded_image1_1646229663.jpg
Poule Cochin ,90 000CFA,"Dakar, Sénégal",https://images.coinafrique.com/thumb_3589888_uploaded_image1_1646229530.jpg
Couple Cochin ,90 000CFA,"Dakar, Sénégal",https://images.coinafrique.com/thumb_3577024_uploaded_image1_1645466016.jpg
Poulets,Prix sur demande,"Dakar, Sénégal",https://images.coinafrique.com/thumb_3575471_uploaded_image1_1645369161.jpg
Poule  Brahma ,25 000CFA,"Parcelle Assainies, Dakar, Sénégal",https://images.coinafrique.com/thumb_3569532_uploaded_image1_1644995089.jpg
Couple de poule Brahman ,50 000CFA,"Saint Louis, Sénégal",https://images.coinafrique.com/thumb_3556200_uploaded_image1_1644096446.jpg
Oeuf poulet Brahma,2 500CFA,"Rufisque, Sénégal",https://images.coinafrique.com/thumb_3556035_uploaded_image1_1644085287.jpg
Coq ,30 000CFA,"Dakar, Sénégal",https://images.coinafrique.com/thumb_3548688_uploaded_image1_1643733991.jpg
Poule pondeuse ,45 000CFA,"Rufisque, Sénégal",https://images.coinafrique.com/thumb_3546233_uploaded_image1_1643636475.jpg
Poussin brahman,10 000CFA,"Rufisque, Sénégal",https://images.coinafrique.com/thumb_3546230_uploaded_image1_1643636330.jpg
Coq Brahman,50 000CFA,"Rufisque, Sénégal",https://images.coinafrique.com/thumb_3546219_uploaded_image1_1643635974.jpg
Pigeons,45 000CFA,"Dieuppeul-Derklé, Dakar, Sénégal",https://images.coinafrique.com/thumb_3544759_uploaded_image1_1643532462.jpg
Lot de 3 pigeons,25 000CFA,"Sipres, Dakar, Sénégal",https://images.coinafrique.com/thumb_3544488_uploaded_image1_1643489629.jpg
Femelle opal rosa ,35 000CFA,"Thies, Sénégal",https://images.coinafrique.com/thumb_3544071_uploaded_image1_1643465628.jpg
Poussins Brahma,Prix sur demande,"Parcelle Assainies, Dakar, Sénégal",https://images.coinafrique.com/thumb_3543634_uploaded_image1_1643440137.jpg
Lapins nains,35 000CFA,"Thies, Sénégal",https://images.coinafrique.com/thumb_3537679_uploaded_image1_1643058435.jpg
Couple Lapins,35 000CFA,"Hann Bel-Air, Dakar, Sénégal",https://images.coinafrique.com/thumb_3536316_uploaded_image1_1642949781.jpg
Coq Cochin coucou,Prix sur demande,"Keur Massar, Sénégal",https://images.coinafrique.com/thumb_3530700_uploaded_image1_1642595156.jpg
Coq Cochin blanc,Prix sur demande,"Keur Massar, Sénégal",https://images.coinafrique.com/thumb_3530692_uploaded_image1_1642595027.jpg
Poulet,25 003 000CFA,"Grand Dakar, Dakar, Sénégal",https://images.coinafrique.com/thumb_3529776_uploaded_image1_1642526350.jpg
Poule,Prix sur demande,"Dakar, Sénégal",https://images.coinafrique.com/thumb_3527552_uploaded_image1_1642403544.jpg
Femelle manteau Opale,60 000CFA,"Thies, Sénégal",https://images.coinafrique.com/thumb_3526942_uploaded_image1_1642346260.jpg
Lapins Angoura,15 000CFA,"HLM, Dakar, Sénégal",https://images.coinafrique.com/thumb_3521996_uploaded_image1_1642019964.jpg
Pigeons,Prix sur demande,"Guediawaye, Dakar, Sénégal",https://images.coinafrique.com/thumb_3521128_uploaded_image1_1641989046.jpg
Lapins,40 000CFA,"Hann Bel-Air, Dakar, Sénégal",https://images.coinafrique.com/thumb_3520760_uploaded_image1_1641976763.jpg
Poule Bleue Hollandaise,15 000CFA,"Mbao, Dakar, Sénégal",https://images.coinafrique.com/thumb_3513806_uploaded_image1_1641562270.jpg
Pigeon Crimpan,75 000CFA,"Diamalaye 1, Dakar, Sénégal",https://images.coinafrique.com/thumb_3505148_uploaded_image1_1641130075.jpg
Couple de poule Brahma ,Prix sur demande,"Parcelle Assainies, Dakar, Sénégal",https://images.coinafrique.com/thumb_3502325_uploaded_image1_1640848021.jpg
Jeune mâle Brahma,Prix sur demande,"Parcelle Assainies, Dakar, Sénégal",https://images.coinafrique.com/thumb_3494983_uploaded_image1_1640242888.jpg
Poule cou nue,16 000CFA,"Guediawaye, Dakar, Sénégal",https://images.coinafrique.com/thumb_3473109_uploaded_image1_1638884949.jpg
Couple pigeons cravate,25 000CFA,"Dakar, Sénégal",https://images.coinafrique.com/thumb_3468974_uploaded_image1_1638651001.jpg
Poules,3 000CFA,"Dakar, Sénégal",https://images.coinafrique.com/thumb_3464218_uploaded_image1_1638449183.jpg
Poules,Prix sur demande,"Dakar, Sénégal",https://images.coinafrique.com/thumb_3464191_uploaded_image1_1638448708.jpg
Poules,3 000CFA,"Mermoz-Sacré Coeur, Dakar, Sénégal",https://images.coinafrique.com/thumb_3447997_uploaded_image1_1637496004.jpg
